x,y,mcp_ogd
-34.8484039307,13.8591670990,1.0000000000
-32.1067771912,14.5352458954,2.0000000000
-34.6700515747,15.1576538086,3.0000000000
-34.3018569946,13.6605472565,4.0000000000
-34.0175399780,14.3333215714,5.0000000000
-18.1939029694,19.2672710419,6.0000000000
-33.7544898987,13.0715408325,7.0000000000
-20.5688076019,20.1711215973,8.0000000000
-33.7484626770,13.6974964142,9.0000000000
-32.5528640747,14.6567296982,10.0000000000
-34.3689765930,14.7353868484,11.0000000000
-34.8909149170,12.9821796417,12.0000000000
-32.9693374634,19.4473953247,13.0000000000
-33.8695793152,19.5633983612,14.0000000000
-13.6578979492,16.9778995514,21.0000000000
-16.1516036987,18.2831649780,22.0000000000
-15.2873353958,17.2840023041,23.0000000000
-15.6875553131,17.2129516602,24.0000000000
-31.3624820709,13.5807228088,25.0000000000
-14.2019653320,17.0419654846,26.0000000000
-21.0677490234,13.4802522659,27.0000000000
-14.0570154190,16.9764862061,28.0000000000
-35.2662773132,17.5163803101,29.0000000000
-27.9209156036,19.5603981018,30.0000000000
-25.6181926727,20.1271572113,31.0000000000
-14.7309427261,17.0283756256,32.0000000000
-17.7353572845,18.5198268890,33.0000000000
-25.7467079163,19.2084751129,34.0000000000
-17.1169834137,18.2198905945,35.0000000000
-16.8594055176,18.1767692566,37.0000000000
-31.6869201660,12.4079532623,38.0000000000
-14.8807697296,16.3960838318,39.0000000000
-16.8965282440,18.0451564789,40.0000000000
-13.7716169357,17.9361171722,41.0000000000
-13.0969476700,17.2439079285,43.0000000000
-26.9530563354,16.5767326355,51.0000000000
-31.9943332672,15.7346773148,52.0000000000
-26.3934497833,16.9595413208,53.0000000000
-33.0306320190,16.6097011566,54.0000000000
-26.4750709534,17.4762725830,55.0000000000
-24.5976963043,15.6729984283,56.0000000000
-23.0966167450,16.6432209015,57.0000000000
-22.8583850861,15.4808025360,58.0000000000
-18.0847778320,15.4403753281,59.0000000000
-17.0397472382,14.0997743607,60.0000000000
-24.0595378876,16.4629020691,61.0000000000
-29.6320075989,15.4981212616,62.0000000000
-15.6995649338,14.9671478271,63.0000000000
-28.1450977325,21.6024951935,64.0000000000
-15.4034147263,15.4608449936,65.0000000000
-29.2610378265,15.3407268524,66.0000000000
-17.6136150360,16.4654769897,67.0000000000
-23.2626285553,15.9379482269,68.0000000000
-32.8102340698,18.2320938110,69.0000000000
-22.2889671326,15.7483091354,70.0000000000
-17.3123741150,16.4515342712,71.0000000000
-27.9175224304,21.8649864197,72.0000000000
-16.3900184631,16.5505428314,81.0000000000
-27.2071437836,21.0590496063,82.0000000000
-25.4899330139,14.9314794540,83.0000000000
-25.6675205231,14.3138580322,84.0000000000
-25.7484855652,13.9276218414,85.0000000000
-28.2445716858,15.9639911652,86.0000000000
-15.6903171539,14.0061159134,87.0000000000
-26.8780956268,22.0736923218,88.0000000000
-25.0671501160,14.6859607697,89.0000000000
-25.4409255981,14.8190374374,90.0000000000
-26.6866474152,17.5794200897,91.0000000000
-23.8812599182,14.7502489090,92.0000000000
-25.3969116211,15.9024677277,93.0000000000
-26.4258842468,16.9057636261,94.0000000000
-35.0837821960,18.8073291779,95.0000000000
-26.2775707245,14.3977918625,96.0000000000
-23.8892707825,14.7181978226,97.0000000000
-21.8989448547,16.2532005310,98.0000000000
-25.3549232483,16.6322574615,99.0000000000
-15.3797664642,15.3534708023,100.0000000000
-25.5763511658,17.9707355499,101.0000000000
-17.3230190277,14.2277383804,102.0000000000
-19.1227531433,17.2125244141,111.0000000000
-23.7114028931,18.4355602264,112.0000000000
-23.5051422119,17.9940814972,113.0000000000
-18.8298854828,16.2738704681,114.0000000000
-24.4708957672,18.1268138885,115.0000000000
-24.4665565491,18.3232440948,116.0000000000
-23.7251358032,17.6561050415,117.0000000000
-23.1211166382,18.5139007568,118.0000000000
-32.8500976562,13.4825611115,119.0000000000
-22.3567047119,18.2043437958,120.0000000000
-23.3294258118,18.4193038940,121.0000000000
-32.0283432007,16.8535137177,131.0000000000
-33.9941215515,21.5071792603,135.0000000000
-32.7735557556,18.1609611511,136.0000000000
-34.1695709229,18.7414779663,137.0000000000
-32.6368713379,16.0015830994,138.0000000000
-33.9985961914,21.4783420563,139.0000000000
-35.2120170593,16.6029281616,141.0000000000
-33.8530769348,21.7394905090,151.0000000000
-33.3760223389,22.1865749359,152.0000000000
-24.3909511566,17.9163494110,153.0000000000
-33.6203002930,21.9692115784,154.0000000000
-34.1152191162,17.6803703308,155.0000000000
-33.9209556580,19.8294315338,156.0000000000
-24.7385425568,17.2889919281,157.0000000000
-34.0978393555,17.5280227661,158.0000000000
-33.9139480591,18.2864608765,159.0000000000
-34.0842895508,22.1860904694,160.0000000000
-34.2478904724,21.6173553467,161.0000000000
-31.0656337738,17.5090389252,172.0000000000
-22.3118419647,17.4563484192,173.0000000000
-27.8515586853,18.2500724792,176.0000000000
-31.3505573273,14.4160833359,177.0000000000
-25.8840675354,19.2478332520,178.0000000000
-26.9608478546,19.9321880341,180.0000000000
-19.1521968842,16.6926517487,181.0000000000
-16.4544086456,17.3210563660,182.0000000000
-30.9924526215,15.7380256653,191.0000000000
-32.6203498840,15.6356649399,192.0000000000
-35.0712356567,16.3027286530,193.0000000000
-35.5475234985,16.2400302887,194.0000000000
-33.2153701782,19.6474857330,195.0000000000
-33.1641273499,15.0193471909,196.0000000000
-34.1375427246,16.0447082520,197.0000000000
-31.9477062225,13.3945083618,198.0000000000
-26.6644706726,14.5177011490,199.0000000000
-26.3235988617,14.8982849121,200.0000000000
-13.8391427994,16.5419311523,211.0000000000
-31.6062183380,21.4947395325,213.0000000000
-18.8281803131,18.8503952026,214.0000000000
-33.3756942749,14.9717569351,215.0000000000
-24.6612415314,20.0353546143,216.0000000000
-14.3732967377,14.6135940552,218.0000000000
-27.2959766388,18.3668670654,219.0000000000
-14.9735307693,16.1688137054,220.0000000000
-28.5045337677,20.0958843231,221.0000000000
-27.0532608032,19.5347919464,223.0000000000
-27.8946533203,16.7604904175,224.0000000000
-26.6041603088,19.6491489410,225.0000000000
-19.6899261475,17.5425605774,226.0000000000
-28.3026466370,20.3565959930,227.0000000000
-20.7311344147,17.6101970673,228.0000000000
-22.4906864166,18.5932331085,231.0000000000
-32.0279006958,21.6856822968,241.0000000000
-32.2280998230,18.5810203552,242.0000000000
-30.0570240021,15.2358160019,243.0000000000
-27.0724372864,14.0811643600,244.0000000000
-31.1327667236,16.4038848877,245.0000000000
-28.9485015869,22.0731925964,246.0000000000
-30.1250133514,15.2652740479,247.0000000000
-33.7249183655,22.3676776886,248.0000000000
-28.9685363770,22.1057281494,249.0000000000
-30.9443969727,15.8418884277,250.0000000000
-30.0285263062,19.8883590698,251.0000000000
-17.4492015839,18.7147388458,292.0000000000
-32.1537246704,15.3191070557,293.0000000000
-24.6751041412,19.2363491058,294.0000000000
-32.1385917664,15.8296632767,295.0000000000
-31.4358787537,15.0220336914,296.0000000000
-19.0427780151,16.6507472992,297.0000000000
-27.3182601929,19.8541183472,298.0000000000
-32.0234718323,-18.3218746185,301.0000000000
-26.4974002838,-19.4611740112,302.0000000000
-29.6494369507,-18.6391963959,303.0000000000
-23.8156757355,-20.8569221497,304.0000000000
-23.8902969360,-19.1539115906,305.0000000000
-32.5721206665,-14.6302623749,306.0000000000
-36.2316131592,-16.1889648438,307.0000000000
-26.7302532196,-19.6335182190,309.0000000000
-26.1576328278,-20.4466590881,310.0000000000
-33.9649009705,-17.2431259155,311.0000000000
-25.2680721283,-20.6360874176,312.0000000000
-23.1934623718,-15.7847824097,321.0000000000
-16.4248313904,-26.4580478668,322.0000000000
-16.5556373596,-14.4391412735,323.0000000000
-17.6142501831,-16.0178508759,324.0000000000
-18.3578224182,-29.5476531982,325.0000000000
-17.6442413330,-29.3252544403,326.0000000000
-30.5787448883,-16.3959693909,329.0000000000
-21.8231048584,-15.9094028473,331.0000000000
-18.9888973236,-25.8824539185,332.0000000000
-20.2272319794,-24.1872844696,333.0000000000
-18.7307949066,-28.2115077972,334.0000000000
-16.7409725189,-30.9382400513,335.0000000000
-17.5057525635,-30.4313278198,336.0000000000
-22.9282188416,-15.8043317795,337.0000000000
-17.4994487762,-15.5217475891,338.0000000000
-15.6531229019,-31.3502216339,339.0000000000
-19.9847354889,-18.1174049377,340.0000000000
-18.9430427551,-15.1210994720,341.0000000000
-22.4260921478,-15.8001775742,342.0000000000
-17.9586791992,-28.9275131226,344.0000000000
-17.7448558807,-14.6428918839,345.0000000000
-39.0765609741,-11.5696296692,351.0000000000
-38.3609580994,-15.1942949295,352.0000000000
-38.4500007629,-14.6270503998,353.0000000000
-37.6092033386,-15.2682781219,354.0000000000
-36.9291839600,-14.0296268463,355.0000000000
-38.4546279907,-15.3232622147,356.0000000000
-16.9831123352,-26.9696712494,357.0000000000
-37.3841094971,-15.7424287796,358.0000000000
-35.1681060791,-16.7773303986,359.0000000000
-37.9536552429,-14.6724853516,360.0000000000
-36.2466316223,-14.7488365173,361.0000000000
-39.1361770630,-10.4036111832,371.0000000000
-39.0782241821,-14.1837434769,372.0000000000
-19.1815624237,-13.4873924255,381.0000000000
-25.7644538879,-13.8133335114,382.0000000000
-28.3996200562,-16.3543033600,383.0000000000
-23.5354824066,-17.3227901459,385.0000000000
-29.7689533234,-11.2898187637,386.0000000000
-28.4318962097,-11.1860055923,387.0000000000
-20.2523841858,-14.3400058746,388.0000000000
-27.5098819733,-13.8979444504,390.0000000000
-24.4692535400,-20.1101818085,391.0000000000
-28.2102375031,-13.4791173935,392.0000000000
-22.0879001617,-12.9701414108,393.0000000000
-25.4035682678,-21.6165294647,394.0000000000
-17.8803596497,-14.0107460022,401.0000000000
-20.0146141052,-24.7533531189,402.0000000000
-28.4375457764,-15.6308364868,403.0000000000
-36.5569839478,-13.0797281265,404.0000000000
-24.4645481110,-22.4423961639,405.0000000000
-20.5851325989,-25.0944461823,406.0000000000
-19.8218669891,-26.8030624390,407.0000000000
-30.1109733582,-18.9268074036,409.0000000000
-18.1294536591,-18.5840167999,410.0000000000
-24.5106430054,-18.2553424835,411.0000000000
-29.9497661591,-16.9377384186,412.0000000000
-25.8700714111,-17.4432220459,413.0000000000
-24.4919471741,-17.9606971741,414.0000000000
-24.3917045593,-16.3379917145,415.0000000000
-27.2295742035,-20.4524250031,416.0000000000
-20.6264438629,-23.4086952209,418.0000000000
-24.0211906433,-16.0294418335,420.0000000000
-20.0105209351,-29.1177940369,421.0000000000
-16.6003360748,-17.6309013367,423.0000000000
-19.6676330566,-26.5553951263,424.0000000000
22.3297843933,-7.1167860031,431.0000000000
25.6250915527,-7.6111435890,432.0000000000
23.1149673462,-6.9760141373,433.0000000000
24.2629127502,-7.5779056549,434.0000000000
24.1693134308,-10.8958806992,435.0000000000
24.1838665009,-6.7545909882,438.0000000000
24.8705024719,-7.3703746796,441.0000000000
22.5091667175,-5.6713194847,442.0000000000
24.3761615753,-7.7510504723,443.0000000000
22.5348873138,-7.7872810364,444.0000000000
23.3845138550,-8.2780351639,445.0000000000
23.9412517548,-8.0983695984,446.0000000000
24.4550075531,-8.4230880737,448.0000000000
23.0283393860,-6.3442206383,449.0000000000
23.9247875214,-6.9920396805,450.0000000000
-22.1074810028,-21.5439815521,491.0000000000
-37.1726646423,-17.4139118195,492.0000000000
-11.2566471100,-17.7663536072,493.0000000000
-27.9807167053,-18.2345829010,494.0000000000
-25.1499576569,-20.4320755005,495.0000000000
-32.9116668701,-18.1590385437,496.0000000000
-26.7090854645,-15.6609888077,497.0000000000
-10.0648288727,-17.8286819458,498.0000000000
-10.3803892136,-17.5182285309,499.0000000000
-9.9231567383,-18.0097961426,500.0000000000
-33.8221817017,-16.8012981415,501.0000000000
-32.4125404358,-18.2429523468,502.0000000000
-34.0507774353,-14.2224063873,533.0000000000
-34.3094558716,-18.0971660614,536.0000000000
-30.4876575470,-18.8795928955,538.0000000000
-35.7630844116,-15.7219343185,540.0000000000
-30.1625556946,-21.0007228851,541.0000000000
-31.4450550079,-19.2768821716,543.0000000000
-34.0275039673,-14.4270572662,544.0000000000
-36.0303230286,-14.2538137436,546.0000000000
-33.4420280457,-14.6883239746,551.0000000000
-25.1109695435,-16.8600883484,552.0000000000
-24.1947021484,-25.6141796112,553.0000000000
-25.4641914368,-16.6416282654,554.0000000000
-17.8259983063,-11.7851285934,556.0000000000
-33.2669067383,-19.2178840637,557.0000000000
-11.2603759766,-28.8081741333,561.0000000000
-22.8152904510,-25.6500911713,562.0000000000
-13.0337743759,-27.4417972565,563.0000000000
-0.9092254639,0.3712972105,564.0000000000
-31.4924964905,-27.0576190948,565.0000000000
-30.2682266235,-24.3960571289,566.0000000000
-13.0223598480,-27.5186233521,567.0000000000
-15.6747283936,-23.9914588928,571.0000000000
-29.5651741028,-25.8573703766,572.0000000000
-29.8815975189,-27.7812671661,573.0000000000
-14.3051414490,-24.0766506195,574.0000000000
-29.2948837280,-25.0546283722,575.0000000000
-12.7087945938,-25.3848495483,576.0000000000
-28.5804576874,-26.7772903442,577.0000000000
-12.7228765488,-23.4822387695,578.0000000000
-12.3179874420,-28.7828197479,579.0000000000
-29.5564785004,-28.6224079132,580.0000000000
-31.1393947601,-23.6600112915,581.0000000000
-15.2868309021,-23.1578617096,582.0000000000
-31.2104148865,-27.0851898193,584.0000000000
-30.3691806793,-26.5247535706,585.0000000000
-12.2435417175,-26.8002815247,586.0000000000
-30.1446876526,-25.4754600525,587.0000000000
-27.6454734802,-28.2529678345,588.0000000000
-27.9396800995,-27.2276344299,589.0000000000
-29.6166896820,-25.7638549805,590.0000000000
-17.2326374054,-23.9456596375,591.0000000000
-30.3308448792,-27.8888816833,592.0000000000
-30.7250747681,-23.9619770050,593.0000000000
-29.5397281647,-26.2452983856,594.0000000000
-18.9598846436,-27.0455188751,602.0000000000
-30.4849681854,-19.5771350861,603.0000000000
-17.8186416626,-26.3312454224,605.0000000000
-19.0858764648,-21.7107219696,606.0000000000
-27.4298820496,-22.6827201843,607.0000000000
-30.3121395111,-19.8118305206,608.0000000000
-15.0307283401,-27.5345077515,609.0000000000
-19.2354621887,-30.3751430511,610.0000000000
-30.8369293213,-17.9551753998,611.0000000000
-29.0749950409,-21.1740741730,612.0000000000
-15.4005937576,-29.0551967621,613.0000000000
-13.3122034073,-30.3032817841,614.0000000000
-18.1542263031,-25.9048976898,615.0000000000
-35.8128776550,-15.3241233826,616.0000000000
-28.3566646576,-22.1960201263,617.0000000000
-21.6012191772,-24.8649520874,619.0000000000
-19.5276412964,-27.7080402374,620.0000000000
-29.5099201202,-19.8649330139,622.0000000000
-35.0041313171,-16.0869693756,623.0000000000
-19.8676662445,-22.6435871124,626.0000000000
-35.3010711670,-15.4417982101,627.0000000000
-22.2579307556,-25.3609256744,628.0000000000
-16.7448921204,-27.9838142395,629.0000000000
-30.1827831268,-18.0948257446,632.0000000000
-24.5411071777,-21.1632213593,662.0000000000
-32.2420692444,-18.8767471313,663.0000000000
-23.1935691833,-22.5627880096,665.0000000000
-24.6292362213,-17.2336177826,666.0000000000
-35.1787872314,-14.8142585754,667.0000000000
-28.5063838959,-19.1518440247,668.0000000000
-26.3859806061,-21.2585239410,669.0000000000
-29.0226974487,-18.2834358215,670.0000000000
-23.4133396149,-21.2106685638,671.0000000000
25.2095890045,-8.9788465500,681.0000000000
7.8244023323,29.8719558716,683.0000000000
19.9115867615,-7.9912500381,687.0000000000
20.2172908783,-7.6057291031,690.0000000000
23.4760074615,-8.8698120117,691.0000000000
21.5727100372,-6.7472076416,692.0000000000
21.9058761597,-9.3903131485,694.0000000000
21.7780666351,-7.9978933334,696.0000000000
24.3734493256,-8.6793203354,700.0000000000
21.6174774170,-8.8151397705,701.0000000000
21.8150157928,-7.5460958481,703.0000000000
19.5050926208,-7.4497060776,704.0000000000
20.9867496490,-7.4691314697,706.0000000000
19.2380676270,-7.2840781212,707.0000000000
-39.1724395752,-3.9792339802,708.0000000000
-9.5110301971,-29.8087444305,709.0000000000
22.5231761932,-9.4994764328,711.0000000000
23.5546588898,-8.0375852585,713.0000000000
22.7594223022,-11.5442314148,715.0000000000
23.0882415771,-11.0244770050,716.0000000000
22.0503082275,-7.6556534767,717.0000000000
35.0447540283,-2.2904007435,723.0000000000
25.1068382263,-6.5647892952,724.0000000000
24.6938190460,-6.9918012619,726.0000000000
-28.4404811859,-12.6090230942,731.0000000000
-33.3268585205,-12.4584512711,732.0000000000
-29.3527030945,-11.8551673889,733.0000000000
-23.6037158966,-14.6130027771,734.0000000000
-25.5790195465,-18.8638305664,735.0000000000
-29.3621253967,-13.7939357758,736.0000000000
-26.3107547760,-12.8321914673,737.0000000000
-33.6119766235,-15.2812738419,738.0000000000
-33.4777717590,-13.1722421646,739.0000000000
-38.0147857666,-18.2066383362,740.0000000000
-35.6698913574,-16.7396564484,741.0000000000
-30.0453948975,23.4084873199,742.0000000000
-38.9912185669,-10.4330062866,743.0000000000
-28.9538841248,-12.4329233170,744.0000000000
-32.4724960327,-13.5280265808,745.0000000000
-27.6625957489,-13.9905557632,746.0000000000
-29.4269714355,-10.7282981873,747.0000000000
-26.9812526703,-14.4708576202,748.0000000000
-28.0947856903,-12.6176986694,749.0000000000
-31.4062099457,-14.4515285492,750.0000000000
-32.1177330017,-14.1016597748,751.0000000000
-23.4749221802,-20.4307289124,754.0000000000
-28.2343292236,-13.8611955643,755.0000000000
-37.8291511536,-18.0950317383,756.0000000000
-11.9064445496,-28.4558525085,761.0000000000
-12.5775003433,-28.2543334961,762.0000000000
-14.1416616440,-25.5325698853,763.0000000000
-11.6383132935,-29.2177391052,766.0000000000
-25.9282341003,-25.3010578156,767.0000000000
-31.0592308044,-23.3389129639,768.0000000000
-14.9138259888,-24.2187004089,769.0000000000
-15.4127883911,-25.2280368805,770.0000000000
-21.1727828979,-30.2448024750,782.0000000000
-21.2336387634,-27.7477321625,783.0000000000
-12.5393142700,-25.3776092529,784.0000000000
-30.1145877838,-26.9351081848,785.0000000000
-12.6157846451,-25.2348861694,786.0000000000
-12.7438449860,-27.9426670074,791.0000000000
-22.4000225067,-29.0929412842,792.0000000000
-11.2509717941,-29.0316123962,793.0000000000
-22.2611503601,-28.7858200073,794.0000000000
-22.9909572601,-29.4219532013,841.0000000000
-22.6003723145,-29.8715667725,842.0000000000
-22.6369934082,-29.3140029907,843.0000000000
-16.2194862366,-27.8173274994,852.0000000000
-17.9160499573,-22.4634971619,853.0000000000
-28.2521972656,-21.6659603119,855.0000000000
-29.8350429535,-17.5906372070,861.0000000000
-19.2953948975,-22.5227909088,863.0000000000
-28.1965122223,-20.3345279694,866.0000000000
-18.1878719330,-23.0900802612,867.0000000000
-35.7236557007,-12.3715305328,869.0000000000
-36.4127197266,-15.5028295517,870.0000000000
-22.6072120667,-24.4053573608,872.0000000000
-17.0368824005,-22.5943870544,873.0000000000
-24.7554836273,-23.5940189362,874.0000000000
-35.7644119263,-12.5851421356,876.0000000000
-21.7296772003,-24.2828350067,879.0000000000
-16.8449001312,-27.2271747589,880.0000000000
-22.6199245453,-23.4586544037,881.0000000000
-28.7440509796,-24.2189807892,883.0000000000
-29.0465278625,-17.3097133636,884.0000000000
-27.4770584106,-24.9675312042,885.0000000000
-18.0978240967,-22.8221683502,886.0000000000
-22.8900108337,-24.8992481232,888.0000000000
-15.4273977280,-29.8811397552,901.0000000000
-28.9924068451,-21.7698040009,902.0000000000
-17.9614086151,-27.1342201233,903.0000000000
-12.9781236649,-30.6796226501,904.0000000000
-18.4382457733,-26.7857322693,905.0000000000
-14.8589468002,-30.2596092224,906.0000000000
-18.1317405701,-26.7311782837,907.0000000000
-16.6763038635,-28.7145214081,908.0000000000
-21.8140182495,-26.2622718811,909.0000000000
-20.8956909180,-22.5144748688,921.0000000000
-16.0977420807,-25.1224002838,922.0000000000
-13.0459947586,-29.9958801270,923.0000000000
-11.7798004150,-31.4376106262,924.0000000000
-14.3833074570,-28.8609428406,925.0000000000
-21.0145702362,-25.7357444763,927.0000000000
-27.8086891174,-24.7945766449,928.0000000000
-35.8144531250,-18.4119949341,929.0000000000
-13.3533649445,-30.9684867859,931.0000000000
-11.5836620331,-30.8303985596,932.0000000000
-35.9088897705,-18.5040149689,934.0000000000
-11.8843965530,-31.3812446594,935.0000000000
-14.8974914551,-25.3053455353,936.0000000000
-13.7882051468,-27.0379390717,937.0000000000
-15.3178787231,-24.4819488525,938.0000000000
-30.1874256134,-23.5426483154,939.0000000000
-13.8516807556,-31.5072059631,940.0000000000
-27.8238906860,-24.8057518005,941.0000000000
-31.0991115570,-23.1791782379,942.0000000000
-16.6563205719,-25.1945037842,943.0000000000
-27.9954681396,-24.7725811005,944.0000000000
-13.8542642593,-29.4603996277,945.0000000000
-12.3931636810,-30.3559455872,946.0000000000
-23.9570617676,-24.4447460175,947.0000000000
-17.7138652802,-25.1276206970,948.0000000000
-18.0249729156,-28.7358989716,951.0000000000
-16.7578201294,-29.7566776276,952.0000000000
-17.9786720276,-27.8163795471,953.0000000000
-21.5868701935,-24.8286113739,954.0000000000
-19.6078014374,-25.7073497772,955.0000000000
-19.0878200531,-26.0534400940,956.0000000000
-22.1473884583,-24.8857040405,957.0000000000
-17.3710346222,-27.4865245819,958.0000000000
-15.7798318863,-30.0680923462,959.0000000000
-15.5445194244,-30.3693618774,960.0000000000
-18.3686885834,-13.6321458817,971.0000000000
-8.8417177200,-24.6432876587,972.0000000000
-19.1694774628,-16.4187068939,973.0000000000
-20.5858745575,-16.4883327484,975.0000000000
-18.8325748444,-24.8163261414,976.0000000000
-18.9685440063,-16.9182014465,977.0000000000
-30.1466941833,-16.6234798431,979.0000000000
-17.6088218689,-14.4964332581,980.0000000000
-18.6325893402,-14.4496650696,981.0000000000
-23.1931838989,-16.1753997803,982.0000000000
-18.7292194366,-14.4390697479,983.0000000000
-19.5894336700,-28.7646522522,985.0000000000
-16.9403018951,-13.3842382431,987.0000000000
-23.3684539795,-23.7519073486,988.0000000000
-16.8171215057,-17.6059112549,989.0000000000
-18.0364856720,-13.1853399277,990.0000000000
-16.1220932007,-13.9803800583,991.0000000000
-24.7195968628,-15.1165151596,992.0000000000
-16.3895626068,-15.6459922791,993.0000000000
-18.5194072723,-14.4798154831,995.0000000000
-20.1856365204,-20.0338077545,996.0000000000
7.2901983261,32.1622123718,1001.0000000000
8.1361322403,32.5422973633,1002.0000000000
7.5455007553,31.9861660004,1004.0000000000
8.0410404205,32.2852935791,1005.0000000000
8.6068849564,31.7387599945,1007.0000000000
5.7760825157,35.5810813904,1008.0000000000
7.9674477577,32.9559059143,1009.0000000000
8.5797777176,32.5620193481,1010.0000000000
6.8551716805,36.0183868408,1021.0000000000
3.0399718285,36.4156761169,1022.0000000000
5.7375721931,37.0915565491,1023.0000000000
-20.0338096619,31.8635082245,1024.0000000000
7.0722270012,38.8998374939,1025.0000000000
4.4125537872,39.5733604431,1026.0000000000
4.0499019623,38.8369331360,1030.0000000000
-21.3272705078,33.8932762146,1031.0000000000
6.4040179253,37.4643821716,1032.0000000000
6.2886652946,38.0119590759,1033.0000000000
6.4142141342,39.3606452942,1037.0000000000
7.1020560265,36.6741867065,1039.0000000000
-20.8260345459,33.2742347717,1040.0000000000
8.5303192139,34.1433258057,1041.0000000000
-37.7509574890,15.2256889343,1051.0000000000
-20.6488933563,32.8850669861,1052.0000000000
1.1932743788,37.9198608398,1053.0000000000
-20.5150566101,32.7833824158,1054.0000000000
1.0409932137,40.1894531250,1055.0000000000
2.6523392200,40.8073997498,1056.0000000000
0.0477262996,37.6813888550,1057.0000000000
-20.4163360596,32.9405136108,1058.0000000000
-20.1468029022,32.5620346069,1059.0000000000
-37.8636131287,-11.1088781357,1061.0000000000
2.7923600674,37.7727813721,1062.0000000000
-22.8116092682,33.3557395935,1063.0000000000
0.7749887109,37.3674621582,1064.0000000000
1.3793971539,37.7234611511,1065.0000000000
6.9788904190,34.5189208984,1066.0000000000
1.4975748062,40.0713043213,1067.0000000000
0.8736633658,38.9025688171,1068.0000000000
1.2663834095,39.4197769165,1069.0000000000
5.9158477783,37.9406814575,1081.0000000000
4.1448535919,36.4967880249,1082.0000000000
6.6827993393,37.1954765320,1083.0000000000
4.8676133156,40.9288444519,1084.0000000000
2.5217022896,39.1402969360,1085.0000000000
7.3986916542,36.6829986572,1086.0000000000
4.8173856735,41.1907730103,1088.0000000000
4.3100085258,38.8981513977,1089.0000000000
3.4264421463,40.1684303284,1091.0000000000
4.0843796730,38.8977241516,1093.0000000000
3.7548367977,39.1558494568,1094.0000000000
3.2407412529,39.7208251953,1095.0000000000
6.6180686951,35.2667808533,1097.0000000000
5.9534959793,37.1993446350,1098.0000000000
4.7700815201,39.4294738770,1099.0000000000
8.0945138931,36.2420387268,1100.0000000000
-22.3634281158,33.6178512573,1102.0000000000
-20.7215175629,33.5392532349,1103.0000000000
3.9195137024,37.3183479309,1104.0000000000
3.4424715042,37.8772392273,1107.0000000000
7.6350908279,34.8409614563,1121.0000000000
5.3662695885,38.5007324219,1122.0000000000
3.4303452969,38.6815872192,1123.0000000000
4.6507406235,37.4047393799,1125.0000000000
10.1131753922,32.2018203735,1126.0000000000
5.2867102623,39.0929374695,1127.0000000000
5.7457170486,37.7609825134,1128.0000000000
9.4648885727,32.6799583435,1129.0000000000
6.9959869385,33.8828773499,1130.0000000000
7.5927004814,37.3228950500,1131.0000000000
9.1363573074,32.7716903687,1132.0000000000
9.4883337021,32.5562820435,1135.0000000000
7.9377779961,33.5337867737,1136.0000000000
4.3117742538,37.9123229980,1137.0000000000
4.8669109344,36.5497779846,1139.0000000000
3.4657659531,37.2502479553,1140.0000000000
9.0661735535,33.4560928345,1142.0000000000
4.9548883438,37.7540016174,1143.0000000000
9.2888736725,33.0355873108,1145.0000000000
4.0510859489,36.8402175903,1146.0000000000
2.2877869606,36.8527450562,1147.0000000000
5.6107306480,36.4846000671,1150.0000000000
3.5869035721,38.2546730042,1151.0000000000
-19.2963542938,34.3484268188,1201.0000000000
-1.9547853470,40.3462028503,1202.0000000000
13.3590288162,37.5073509216,1203.0000000000
12.3737421036,38.9675521851,1204.0000000000
13.1484889984,37.4472694397,1205.0000000000
13.9464559555,38.2877731323,1206.0000000000
12.9079027176,38.1076316833,1207.0000000000
14.1010351181,37.4612121582,1208.0000000000
14.1573600769,36.2107505798,1209.0000000000
14.5844221115,36.3325462341,1210.0000000000
11.9768133163,37.4727134705,1211.0000000000
-2.1530644894,40.4528617859,1212.0000000000
13.3766717911,37.6878814697,1213.0000000000
12.9139299393,38.1409034729,1214.0000000000
11.7645187378,36.2693214417,1215.0000000000
13.7743129730,36.8646240234,1216.0000000000
13.1361455917,36.3421173096,1217.0000000000
12.9842710495,32.9449768066,1218.0000000000
12.9921712875,32.9363555908,1219.0000000000
14.1897535324,36.3177680969,1220.0000000000
2.7126500607,30.3875675201,1301.0000000000
2.4127817154,30.7377243042,1311.0000000000
-0.2502551079,31.1662502289,1321.0000000000
-2.5272910595,32.2125778198,1322.0000000000
-2.1727509499,32.3189468384,1323.0000000000
0.1573838145,35.4075813293,1331.0000000000
-0.2124488950,31.1221179962,1341.0000000000
-1.4212266207,6.2303538322,1342.0000000000
0.5506601334,3.3807024956,1343.0000000000
-2.7867424488,32.1222381592,1344.0000000000
-1.4315289259,6.2018756866,1345.0000000000
-1.4928646088,6.2655587196,1346.0000000000
-1.1142414808,5.7229623795,1347.0000000000
1.9307681322,2.3346481323,1348.0000000000
-1.4456945658,6.2901434898,1349.0000000000
2.6176178455,2.5514984131,1361.0000000000
2.6459302902,30.1784610748,1362.0000000000
3.3815207481,4.6253609657,1363.0000000000
0.0079951920,35.6425743103,1364.0000000000
1.6556483507,3.7390105724,1365.0000000000
3.5607936382,29.5034217834,1366.0000000000
2.6821370125,3.6023466587,1367.0000000000
1.9634604454,3.4132022858,1368.0000000000
3.6226911545,3.8279855251,1369.0000000000
1.9777340889,2.9067161083,1370.0000000000
1.9862715006,3.5780861378,1371.0000000000
2.8071794510,30.3402576447,1372.0000000000
3.2508661747,29.8309097290,1373.0000000000
2.1840329170,3.5622324944,1374.0000000000
2.3301177025,2.4539456367,1375.0000000000
3.4277167320,33.7099838257,1401.0000000000
1.1887929440,34.6828422546,1402.0000000000
3.6091532707,33.5970420837,1403.0000000000
3.8183596134,33.3772201538,1404.0000000000
3.7331902981,33.7926979065,1405.0000000000
2.5197396278,34.6525993347,1406.0000000000
2.2440710068,34.7200698853,1407.0000000000
1.4233462811,33.3006057739,1501.0000000000
1.0021907091,33.5020179749,1502.0000000000
4.0142374039,32.2660942078,1503.0000000000
3.0997936726,32.0365638733,1504.0000000000
0.7711979151,33.5188903809,1505.0000000000
2.2770493031,33.0469474792,1506.0000000000
-0.1252879798,33.2567634583,1507.0000000000
1.9435766935,33.2191314697,1508.0000000000
-19.7253303528,34.1060714722,1509.0000000000
0.0477346182,33.3665809631,1510.0000000000
4.1493520737,32.3319358826,1511.0000000000
-10.4387884140,23.6843833923,1630.0000000000
-10.5313224792,23.7647724152,1631.0000000000
-10.9144258499,23.9965686798,1632.0000000000
-23.6901817322,31.7803840637,1701.0000000000
-23.8186225891,31.9499530792,1702.0000000000
-23.8305854797,32.2307357788,1703.0000000000
-0.6695191860,36.0554885864,1704.0000000000
-1.4151314497,34.2631378174,1705.0000000000
-1.1788316965,34.2969703674,1706.0000000000
-1.7616323233,33.7125740051,1707.0000000000
-23.9795837402,31.9872550964,1708.0000000000
-1.6640410423,33.8239669800,1709.0000000000
-1.2814598083,33.7425689697,1710.0000000000
-24.1489486694,31.9958190918,1711.0000000000
33.2628555298,-14.2558584213,2008.0000000000
33.0034866333,-20.9051952362,2009.0000000000
31.7496013641,-18.0211410522,2011.0000000000
30.2912921906,-16.0296096802,2016.0000000000
28.6613807678,-20.7065887451,2022.0000000000
29.0389595032,-18.3070735931,2025.0000000000
32.3801727295,-21.0941333771,2027.0000000000
30.1628055573,-16.8487873077,2029.0000000000
30.7960262299,-16.7737560272,2035.0000000000
30.7950916290,-23.0317535400,2038.0000000000
32.6630287170,-16.3242130280,2041.0000000000
32.5761947632,-18.1594352722,2043.0000000000
28.9865188599,-17.4719600677,2044.0000000000
28.5063495636,-15.0546045303,2045.0000000000
31.3268089294,-16.7377681732,2050.0000000000
28.9008865356,-20.1282520294,2051.0000000000
30.1053733826,-17.1178512573,2053.0000000000
31.1347770691,-16.1303691864,2054.0000000000
31.9219589233,-15.6691112518,2055.0000000000
27.2944774628,-17.0517272949,2061.0000000000
30.8109893799,-19.6666393280,2063.0000000000
29.1418342590,-19.0229663849,2066.0000000000
31.7950115204,-22.8297729492,2067.0000000000
30.4952793121,-14.3129024506,2068.0000000000
34.8010673523,-16.7252998352,2072.0000000000
32.0709609985,-22.0681152344,2079.0000000000
30.7134971619,-22.2620143890,2086.0000000000
31.6581153870,-20.2806949615,2087.0000000000
27.3666725159,-18.6447677612,2089.0000000000
31.1560840607,-15.3283710480,2096.0000000000
30.1205120087,-18.3928318024,2097.0000000000
31.1391716003,-19.2689037323,2099.0000000000
29.9339466095,-18.9261856079,2102.0000000000
30.7376365662,-17.7677326202,2111.0000000000
31.8057174683,-20.6428604126,2113.0000000000
31.3941459656,-21.6864223480,2114.0000000000
31.2459487915,-17.5726947784,2115.0000000000
31.2435855865,-18.5289897919,2116.0000000000
33.7244262695,-17.5124320984,2121.0000000000
30.0230636597,-18.0024833679,2122.0000000000
28.2866325378,-18.1461486816,2123.0000000000
31.2650699615,-15.9321613312,2124.0000000000
31.2214622498,-15.2438936234,2125.0000000000
28.0962085724,-19.4572925568,2128.0000000000
30.5829868317,-20.3131675720,2129.0000000000
30.3837623596,-21.0109214783,2130.0000000000
32.3154602051,-14.9260473251,2131.0000000000
34.0697250366,-17.7053108215,2134.0000000000
32.5419769287,-16.9037685394,2135.0000000000
33.7972030640,-18.9887809753,2137.0000000000
7.7913389206,30.3999042511,2138.0000000000
31.2541103363,-14.1919841766,2140.0000000000
33.9937210083,-15.7208595276,2143.0000000000
32.9330711365,-15.4864807129,2145.0000000000
33.1812286377,-16.3998622894,2147.0000000000
30.0649375916,-18.1304912567,2148.0000000000
31.2615909576,-22.2287425995,2149.0000000000
33.3581123352,-17.7984218597,2152.0000000000
32.5834159851,-19.3533954620,2153.0000000000
32.3001976013,-19.8980846405,2155.0000000000
31.1865158081,-18.8516750336,2160.0000000000
32.1846160889,-16.8114738464,2162.0000000000
33.4783782959,-17.8848190308,2163.0000000000
29.7512817383,-11.6269683838,2171.0000000000
29.3221206665,-14.4931907654,2173.0000000000
30.5189800262,-11.5675535202,2174.0000000000
30.7202014923,-9.7066679001,2175.0000000000
28.3780002594,-17.0553016663,2177.0000000000
30.9711647034,-10.0547924042,2183.0000000000
28.4391460419,-12.3936128616,2185.0000000000
29.8277854919,-15.0681486130,2186.0000000000
30.2561931610,-12.2171258926,2189.0000000000
34.1359939575,-20.1738319397,2194.0000000000
31.4579277039,-8.9991970062,2196.0000000000
31.1755924225,-10.2230491638,2197.0000000000
30.4749774933,-12.5716886520,2198.0000000000
31.1129379272,-11.9990997314,2200.0000000000
31.0785694122,-9.8480081558,2206.0000000000
30.8536338806,-10.4601840973,2208.0000000000
30.7229461670,-10.9267625809,2211.0000000000
28.8459968567,-13.3929262161,2213.0000000000
35.0159873962,5.7267689705,2216.0000000000
27.6337127686,-15.6244192123,2217.0000000000
29.6396102905,-17.6036243439,2220.0000000000
29.4786777496,-12.6778249741,2221.0000000000
29.9153518677,-21.9640712738,2225.0000000000
30.2828636169,-15.3180503845,2226.0000000000
31.2186012268,-9.6382093430,2228.0000000000
35.7630729675,-15.1929244995,2230.0000000000
30.0408401489,-12.6194858551,2233.0000000000
29.5651683807,-13.6902666092,2234.0000000000
29.5604705811,-11.6232337952,2235.0000000000
29.7702980042,-13.3846368790,2236.0000000000
-27.9224834442,-2.5209884644,2250.0000000000
30.3996238708,-13.7486820221,2254.0000000000
32.4141960144,-9.8980541229,2257.0000000000
-31.9690227509,-20.5411148071,2258.0000000000
-10.1716594696,-16.3273315430,2259.0000000000
-4.8033461571,8.7393808365,2260.0000000000
-31.2036666870,23.9295196533,2261.0000000000
-29.2217044830,-1.6698157787,2262.0000000000
-31.9387016296,-17.2017974854,2265.0000000000
-35.2596244812,-8.5023679733,2271.0000000000
29.2491970062,-16.7148475647,2272.0000000000
-35.2392692566,-8.4756755829,2274.0000000000
-34.9933433533,-8.4661979675,2275.0000000000
-10.2120027542,-16.4970417023,2276.0000000000
-28.3066997528,-1.4688740969,2278.0000000000
35.0441360474,5.7027835846,2284.0000000000
-28.2448730469,-0.1398248672,2291.0000000000
-27.1638679504,0.4944607317,2292.0000000000
-30.5264911652,-1.7261941433,2293.0000000000
-27.9285049438,0.1062691286,2294.0000000000
-30.1142730713,-1.6645585299,2295.0000000000
-29.2949676514,-0.8868914247,2296.0000000000
-1.7506343126,-4.5666437149,2299.0000000000
-1.7238984108,-4.5640697479,2300.0000000000
-27.9572639465,0.0907241479,2301.0000000000
-28.2878437042,-0.1926824898,2302.0000000000
-1.3925869465,-3.9974155426,2303.0000000000
-30.2709903717,-0.9045280814,2304.0000000000
-30.6621894836,-1.7535624504,2305.0000000000
-30.8448905945,-1.7899678946,2306.0000000000
-27.8241748810,0.1895247996,2307.0000000000
-28.9821033478,-1.1530184746,2308.0000000000
-30.6153259277,-1.8652656078,2309.0000000000
31.3121852875,-13.0174589157,2321.0000000000
27.8985996246,-13.8395309448,2323.0000000000
30.1748294830,-17.5046482086,2325.0000000000
31.6899414062,-12.9108495712,2328.0000000000
29.1469116211,-16.1101799011,2333.0000000000
29.8440685272,-19.7878589630,2335.0000000000
31.2987632751,-20.5658550262,2336.0000000000
30.3335342407,-19.0067787170,2337.0000000000
31.6894283295,-19.7583103180,2338.0000000000
-20.4002151489,-4.1283311844,2401.0000000000
-20.3313865662,-4.2207326889,2402.0000000000
-22.1018085480,-3.0123586655,2403.0000000000
-20.1929759979,-4.3872823715,2404.0000000000
-6.2543177605,-5.4173665047,2405.0000000000
-20.6354885101,-3.9674704075,2406.0000000000
-21.5736103058,-4.7830872536,2407.0000000000
-20.0290241241,-5.1691808701,2408.0000000000
-5.4679450989,-6.1760411263,2421.0000000000
-21.6348342896,-4.6432590485,2422.0000000000
2.5046341419,15.5118999481,2423.0000000000
-6.0248169899,-6.2349548340,2424.0000000000
-6.3916001320,-5.0498290062,2425.0000000000
-6.4591393471,-6.2273097038,2426.0000000000
-5.9922609329,-6.0472002029,2427.0000000000
-6.0375351906,-5.8462586403,2428.0000000000
-6.7999191284,-6.8247413635,2429.0000000000
-19.5982208252,-12.2828016281,2445.0000000000
-27.2363986969,-17.4271945953,2455.0000000000
-22.5839080811,-18.9251079559,2456.0000000000
-22.7323455811,-18.8961296082,2457.0000000000
-22.8898544312,-18.8946514130,2461.0000000000
-22.1604232788,-18.7372798920,2463.0000000000
-28.8359203339,-8.9775810242,2464.0000000000
-26.4621963501,-17.7580814362,2465.0000000000
-40.9429664612,3.5439610481,2471.0000000000
-34.8001022339,-2.8942978382,2472.0000000000
-45.5381050110,2.7301952839,2473.0000000000
-40.3363380432,-1.8962745667,2474.0000000000
-40.8364601135,-0.6976319551,2475.0000000000
-42.3212242126,4.8371129036,2476.0000000000
-39.7160835266,2.6149415970,2477.0000000000
-35.0045738220,-2.8658151627,2478.0000000000
-45.6945571899,2.3779313564,2479.0000000000
-9.4323062897,-6.7111878395,2480.0000000000
-43.2661666870,3.6600930691,2481.0000000000
-22.3638820648,-0.8435845375,2491.0000000000
-6.6049113274,-2.8098514080,2492.0000000000
-23.3330059052,-3.2508084774,2493.0000000000
-19.6927833557,-3.1075458527,2495.0000000000
-22.6614704132,-4.3152861595,2497.0000000000
-22.3886737823,-8.8364744186,2498.0000000000
-21.6765079498,-4.3564510345,2499.0000000000
-28.2491188049,-7.3339734077,2500.0000000000
-24.5826702118,-3.7159104347,2501.0000000000
-30.2443351746,-7.4255971909,2502.0000000000
-22.1346836090,-1.9719786644,2503.0000000000
-23.7064628601,-8.2830810547,2511.0000000000
-27.5176773071,-7.5268330574,2513.0000000000
-25.5778923035,-9.2226934433,2514.0000000000
-24.0271320343,-7.6205568314,2516.0000000000
-27.2155456543,-7.6577267647,2517.0000000000
-23.0760231018,-7.7622594833,2518.0000000000
-26.8410320282,-7.0649333000,2519.0000000000
-26.9979724884,-8.3969144821,2520.0000000000
-24.0796451569,-8.8847999573,2523.0000000000
-27.2193813324,-16.7580013275,2524.0000000000
-25.2906417847,-7.5764389038,2525.0000000000
-32.5953254700,-9.8896474838,2526.0000000000
-25.6417636871,-7.4156494141,2527.0000000000
-25.5544910431,-8.1421108246,2528.0000000000
-24.4157772064,-7.7054481506,2529.0000000000
-25.5798187256,-8.2603330612,2530.0000000000
-24.7927761078,-7.7735204697,2532.0000000000
-27.9184551239,-7.4646735191,2534.0000000000
-24.8388919830,-8.7178964615,2535.0000000000
-23.8228759766,-6.4575576782,2541.0000000000
-22.7648067474,-4.7451744080,2542.0000000000
-22.8008232117,-4.8866715431,2543.0000000000
-33.2531547546,23.5941009521,2544.0000000000
-21.3681831360,-7.4585599899,2545.0000000000
-26.0135173798,-6.7485661507,2546.0000000000
-22.0288772583,-6.8039402962,2547.0000000000
-24.3700408936,-5.4303908348,2548.0000000000
-34.5692024231,-19.5877189636,2549.0000000000
-31.9674148560,-8.9872150421,2550.0000000000
-24.4038715363,-6.3238873482,2551.0000000000
-32.1465339661,-9.0744733810,2553.0000000000
-24.3552875519,-6.3123426437,2554.0000000000
-29.6366500854,-7.5095577240,2555.0000000000
-10.9191236496,-5.5018582344,2556.0000000000
-21.3729457855,-5.7031097412,2571.0000000000
-19.1203308105,-3.4008247852,2572.0000000000
-26.6388263702,-5.9851875305,2573.0000000000
-10.6281795502,-1.4915254116,2574.0000000000
-22.1761741638,-5.7117810249,2575.0000000000
-21.9523353577,-3.8423132896,2576.0000000000
-19.9432029724,-4.1283679008,2578.0000000000
-22.7139778137,-3.6255841255,2579.0000000000
-22.7577228546,-3.4402630329,2580.0000000000
-37.6522674561,-11.3952608109,2581.0000000000
-21.3003597260,-3.2187991142,2582.0000000000
-22.9354209900,-1.9046547413,2583.0000000000
-32.2848548889,-9.0449628830,2584.0000000000
-9.4507608414,-3.5918850899,2585.0000000000
-24.3648338318,-3.6194729805,2586.0000000000
-37.8224830627,-11.8248386383,2601.0000000000
-9.6875772476,-8.9619979858,2611.0000000000
-4.8826489449,-7.7916526794,2612.0000000000
-23.8784236908,-2.6515655518,2613.0000000000
-9.5578479767,-7.5292224884,2614.0000000000
-9.1321649551,-7.7915868759,2615.0000000000
-9.9108343124,-7.3822154999,2616.0000000000
-9.4897546768,-9.1668386459,2617.0000000000
-41.1858215332,-1.1329824924,2618.0000000000
-34.9470863342,-3.2656059265,2619.0000000000
-9.7104206085,-8.2567729950,2620.0000000000
-9.5016241074,-7.2641711235,2621.0000000000
-9.1442270279,-8.4619827271,2622.0000000000
-45.3975639343,2.0718007088,2701.0000000000
-45.0621910095,6.5747041702,2702.0000000000
-44.5791587830,4.2791304588,2703.0000000000
-43.1930046082,4.3621268272,2761.0000000000
-43.9491577148,3.0649011135,2762.0000000000
-45.2068328857,4.3349676132,2763.0000000000
-44.0336837769,5.9335517883,2764.0000000000
-44.4778137207,5.0022764206,2765.0000000000
-44.4215621948,1.8978662491,2766.0000000000
-44.5243453979,6.0356693268,2767.0000000000
-43.2047538757,4.0651912689,2768.0000000000
-44.3000068665,2.9625504017,2769.0000000000
-43.8370857239,2.7747514248,2770.0000000000
-44.2077903748,5.4898443222,2771.0000000000
-44.0430488586,6.4844775200,2772.0000000000
-43.6199722290,4.1609826088,2773.0000000000
-43.2052955627,5.9891471863,2774.0000000000
-43.9464073181,5.1197314262,2775.0000000000
-43.2570495605,-1.3110289574,2781.0000000000
-10.8299264908,-9.1124343872,2782.0000000000
-43.2177352905,-2.7550032139,2783.0000000000
-41.2780914307,-3.0823650360,2784.0000000000
-42.2461318970,-2.7216377258,2785.0000000000
-42.4111709595,-2.4886922836,2786.0000000000
-41.2678184509,2.5719170570,2787.0000000000
-11.0262346268,-9.0551099777,2788.0000000000
-41.9983215332,-4.6200089455,2789.0000000000
-9.1735410690,-5.8087210655,2790.0000000000
-42.4270706177,-2.9914882183,2791.0000000000
-10.9036808014,-8.9484558105,2792.0000000000
-42.4647598267,-2.5313243866,2793.0000000000
-35.9983329773,1.7724936008,2821.0000000000
-42.9137306213,1.2928320169,2822.0000000000
-40.0205459595,0.9947231412,2823.0000000000
-42.1519088745,2.0098593235,2824.0000000000
-42.1505241394,5.0673933029,2825.0000000000
-35.9916152954,2.8707091808,2826.0000000000
-37.4030456543,1.8027408123,2827.0000000000
-39.9940681458,1.3232094049,2828.0000000000
-41.5527343750,1.6482616663,2829.0000000000
-42.4480400085,5.5019807816,2830.0000000000
-43.0014076233,1.9654746056,2831.0000000000
-42.1231117249,3.7912206650,2832.0000000000
-42.6232681274,6.4922738075,2833.0000000000
-38.4756507874,-2.2235615253,2834.0000000000
-37.3104820251,-3.6375803947,2841.0000000000
-39.3697471619,0.7442256808,2842.0000000000
-37.6249237061,-2.3479940891,2843.0000000000
-15.2756595612,-6.6103796959,2844.0000000000
-17.2691135406,-7.3779234886,2845.0000000000
-40.9754371643,1.1257805824,2846.0000000000
-14.0337810516,-5.0973510742,2847.0000000000
-14.9957981110,-7.4868850708,2848.0000000000
-40.1284103394,1.3550202847,2849.0000000000
-38.7947921753,1.5958571434,2850.0000000000
-16.3655414581,-4.9743843079,2851.0000000000
-13.8014736176,-5.3059468269,2852.0000000000
-40.9909706116,0.3660877347,2853.0000000000
-34.5452117920,0.0079162512,2854.0000000000
-38.4405174255,-2.8286814690,2855.0000000000
-37.1670608521,-0.5398353934,2856.0000000000
-36.7211189270,-0.3220190108,2857.0000000000
-38.2723999023,-1.1238123178,2858.0000000000
-14.7174329758,-5.8071117401,2859.0000000000
-36.6920013428,-1.8892080784,2860.0000000000
-41.1464920044,1.3283874989,2861.0000000000
-16.2334918976,-7.2847080231,2862.0000000000
-37.8534545898,-1.4540460110,2863.0000000000
-16.1556053162,-7.2071042061,2864.0000000000
-15.8241462708,-5.7452001572,2865.0000000000
-36.0198059082,1.7116526365,2866.0000000000
-16.0994567871,-5.9062366486,2867.0000000000
-38.3405609131,-0.5561560392,2868.0000000000
-37.0094642639,-1.2650196552,2869.0000000000
-35.9499282837,0.3446393907,2881.0000000000
-15.4383649826,-7.0419549942,2882.0000000000
-12.9178686142,-5.2762737274,2883.0000000000
-15.5475130081,-6.7775630951,2884.0000000000
-13.8290214539,-6.3876986504,2885.0000000000
-39.6800842285,1.4083924294,2886.0000000000
-37.8143157959,0.4644601643,2887.0000000000
-38.8735160828,-3.3254210949,2888.0000000000
-35.9569778442,-1.7793265581,2889.0000000000
-15.2887935638,-8.9293441772,2890.0000000000
-36.1123924255,0.3508638442,2891.0000000000
-36.1727447510,-0.7274806499,2892.0000000000
-38.2418861389,-2.2150270939,2893.0000000000
-38.8303184509,-2.1571857929,2894.0000000000
-35.1314888000,-1.3381624222,2895.0000000000
-6.7104525566,13.1944322586,2901.0000000000
-9.1881074905,14.2404375076,2903.0000000000
-9.0279493332,13.4838514328,2904.0000000000
-7.9206304550,14.3247022629,2914.0000000000
-7.4648561478,13.6343832016,2915.0000000000
-7.0290656090,11.9974069595,2917.0000000000
-9.7830915451,15.1103887558,2919.0000000000
-7.9719300270,13.0028066635,2920.0000000000
-6.3899912834,10.4508399963,2931.0000000000
-8.9624681473,13.7615985870,2932.0000000000
-10.2675390244,13.5779123306,2933.0000000000
-6.8486566544,11.8598976135,2936.0000000000
-20.2143173218,12.7461624146,2937.0000000000
-10.2291307449,13.5267477036,2938.0000000000
-20.2818279266,12.7499084473,2939.0000000000
-4.4379682541,12.1944179535,2951.0000000000
-5.8949155807,12.9784297943,2952.0000000000
-7.5643634796,13.4385404587,2953.0000000000
-7.6117973328,11.6868066788,2961.0000000000
-7.1401276588,14.3007001877,2962.0000000000
-7.3857774734,12.5899791718,2963.0000000000
-21.0182113647,13.4834804535,2964.0000000000
-5.7950897217,13.2005538940,2971.0000000000
-4.6199932098,12.7216825485,2972.0000000000
-6.8727264404,13.0356492996,2973.0000000000
-5.8046698570,13.5724372864,2974.0000000000
-13.2363348007,25.7447910309,3001.0000000000
-1.5892394781,21.3318614960,3002.0000000000
-1.5772485733,20.9037551880,3003.0000000000
-1.7010555267,21.7436332703,3004.0000000000
-3.5887944698,22.4520397186,3005.0000000000
-1.7137081623,21.7120742798,3006.0000000000
-3.5202920437,22.4700489044,3007.0000000000
-3.4887888432,22.4236850739,3021.0000000000
-13.3193035126,25.1096591949,3022.0000000000
-14.2463483810,25.5103931427,3023.0000000000
-14.5639228821,25.9447650909,3024.0000000000
-35.1486282349,10.2010517120,3025.0000000000
-12.9162178040,22.2871742249,3031.0000000000
-13.1384363174,25.0915584564,3032.0000000000
-12.1487007141,21.9739093781,3033.0000000000
-14.8307390213,24.0520420074,3034.0000000000
-12.7972965240,21.4833908081,3035.0000000000
-14.7990636826,23.8640213013,3036.0000000000
-12.5658931732,21.8565902710,3037.0000000000
-12.6935415268,21.9754371643,3038.0000000000
3.1366748810,24.5959205627,3101.0000000000
3.5952939987,23.7704029083,3102.0000000000
3.2884819508,24.3448581696,3103.0000000000
3.8327519894,23.4931449890,3104.0000000000
3.1713016033,24.5623722076,3105.0000000000
0.2330048382,20.8370437622,3111.0000000000
0.5498331785,24.9977359772,3201.0000000000
0.6792823076,24.6914138794,3202.0000000000
-34.5588684082,9.0178918839,3203.0000000000
-12.9610166550,28.1220932007,3204.0000000000
-12.1489706039,26.5591583252,3211.0000000000
-14.0904922485,26.6133575439,3212.0000000000
-12.2332630157,29.1158390045,3213.0000000000
-14.8550710678,28.5986785889,3214.0000000000
-34.4541473389,9.0337648392,3215.0000000000
-12.3463153839,29.8799419403,3216.0000000000
-11.3614921570,28.9694709778,3217.0000000000
-14.3663101196,28.2417621613,3218.0000000000
-7.9538512230,26.3374576569,3219.0000000000
-10.6441869736,28.5729637146,3231.0000000000
-11.3976640701,27.6655445099,3232.0000000000
-11.6414737701,27.5626335144,3233.0000000000
-8.8900337219,27.7931976318,3234.0000000000
-9.7190418243,28.7085018158,3235.0000000000
-9.2669410706,28.8932723999,3236.0000000000
-9.7972517014,28.6054630280,3237.0000000000
-9.6897382736,28.2384357452,3238.0000000000
-7.9201631546,27.2371177673,3251.0000000000
4.0253868103,19.5861034393,3252.0000000000
-8.1329641342,27.1440525055,3253.0000000000
3.9515872002,19.7258148193,3254.0000000000
-10.1344060898,28.8790130615,3255.0000000000
4.1391124725,19.9263725281,3256.0000000000
-12.2287530899,30.8647212982,3271.0000000000
-7.0555543900,27.4986877441,3272.0000000000
-12.0714578629,31.2987861633,3273.0000000000
-9.6184940338,29.8997936249,3274.0000000000
-10.6476125717,30.6332626343,3275.0000000000
-10.7665500641,30.6342716217,3276.0000000000
-10.8182420731,27.6098537445,3291.0000000000
3.5511133671,19.5419178009,3292.0000000000
2.8715693951,20.2073383331,3293.0000000000
-6.2355356216,27.6026229858,3294.0000000000
2.7616212368,20.2857646942,3295.0000000000
-12.5182342529,30.7580204010,3296.0000000000
-7.8809914589,28.5128707886,3297.0000000000
-8.0307149887,28.1705856323,3298.0000000000
-6.9348263741,25.1539363861,3311.0000000000
1.8875731230,21.0929470062,3312.0000000000
1.7102292776,20.8453941345,3313.0000000000
1.8507752419,20.7555904388,3315.0000000000
-11.4818878174,26.7072219849,3316.0000000000
-11.4424571991,29.0122375488,3338.0000000000
-12.0139417648,27.5967617035,3339.0000000000
-32.6451263428,16.8446865082,3340.0000000000
1.4137600660,21.1305274963,3341.0000000000
1.3637684584,21.3071804047,3342.0000000000
-10.5342340469,25.4311637878,3352.0000000000
-0.2574310899,22.9259586334,3359.0000000000
-1.9584121704,23.8624534607,3360.0000000000
-1.6467313766,23.8684844971,3372.0000000000
-13.4605398178,26.9883918762,3374.0000000000
-2.9762079716,24.3510398865,3375.0000000000
-1.4485182762,22.0401401520,3378.0000000000
-11.3205223083,25.8253002167,3379.0000000000
-0.1298467517,23.0472640991,3392.0000000000
0.2207059711,21.7885665894,3393.0000000000
1.5924926996,22.8981075287,3394.0000000000
0.5214557648,21.5946083069,3395.0000000000
-12.7718591690,25.7268619537,3401.0000000000
-12.8461008072,26.8316726685,3402.0000000000
-5.0450615883,25.0234260559,3405.0000000000
-12.3471317291,27.3659820557,3407.0000000000
-12.2653608322,28.6046752930,3408.0000000000
1.6267266273,23.3492507935,3422.0000000000
0.8934931755,23.4295406342,3423.0000000000
1.2789875269,22.1718807220,3424.0000000000
-5.2416977882,25.1697196960,3426.0000000000
-13.0826778412,27.3646316528,3427.0000000000
-14.9868068695,28.8044967651,3441.0000000000
-13.6338567734,28.0208892822,3442.0000000000
-12.5853710175,27.7932529449,3443.0000000000
1.0331033468,23.5895824432,3444.0000000000
-10.4260673523,42.2861366272,3506.0000000000
-10.9087839127,43.3148460388,3513.0000000000
-2.4838476181,36.9628639221,3514.0000000000
-11.6925745010,41.0588684082,3542.0000000000
-11.3082122803,42.9055175781,3543.0000000000
-16.7680492401,41.0085372925,3544.0000000000
-7.4803509712,42.0421447754,3551.0000000000
-7.6425976753,42.1629943848,3561.0000000000
-9.8014268875,45.2086410522,3572.0000000000
-19.2037982941,43.3260154724,3575.0000000000
-17.3092041016,37.7229385376,3581.0000000000
-9.1185379028,43.5361709595,3582.0000000000
-11.7844657898,44.0448646545,3603.0000000000
-8.8943357468,45.2765159607,3618.0000000000
-11.6749925613,43.0423660278,3619.0000000000
-15.8364362717,36.6825942993,3633.0000000000
-13.1587524414,36.6766510010,3637.0000000000
-15.7493944168,37.1778373718,3638.0000000000
-14.6154060364,36.9533920288,3640.0000000000
-13.5364675522,40.1140556335,3661.0000000000
-17.5536231995,43.7719497681,3662.0000000000
-19.1781063080,38.0792808533,3663.0000000000
-15.9020233154,40.8480529785,3668.0000000000
-15.4351348877,44.0695228577,3669.0000000000
-17.3102149963,44.4474487305,3670.0000000000
-14.8224134445,43.9730911255,3672.0000000000
-17.8804149628,38.3596038818,3673.0000000000
-8.1144752502,36.9532508850,3681.0000000000
-16.6605300903,43.3392982483,3695.0000000000
-11.2311573029,39.6013298035,3701.0000000000
-12.5119667053,42.3555526733,3703.0000000000
-14.5267486572,44.5988540649,3705.0000000000
-14.2421312332,43.6281967163,3707.0000000000
-16.5754928589,44.9561729431,3708.0000000000
1.0091584921,28.7766647339,3711.0000000000
-10.2491846085,38.9285774231,3712.0000000000
-10.7644052505,38.0076141357,3713.0000000000
-16.8983516693,44.0126113892,3714.0000000000
-15.6206932068,38.8618659973,3721.0000000000
-14.8237714767,38.6107788086,3722.0000000000
-14.6737022400,38.6733779907,3723.0000000000
-16.0683917999,38.6657638550,3731.0000000000
-17.0420398712,41.5651512146,3732.0000000000
-18.3568019867,39.2897148132,3733.0000000000
-17.7207756042,38.9588737488,3734.0000000000
-16.2201614380,41.9796714783,3746.0000000000
1.3190100193,41.8753395081,3752.0000000000
-17.5298442841,39.4191284180,3762.0000000000
-16.7979526520,39.6073112488,3764.0000000000
-18.4445495605,37.6984367371,3781.0000000000
-19.2321872711,41.8523330688,3782.0000000000
-17.7810020447,40.8522834778,3783.0000000000
-19.4017982483,42.3597335815,3784.0000000000
-19.1300067902,40.2051734924,3785.0000000000
-18.4600772858,40.7469558716,3786.0000000000
-19.1652374268,42.3725280762,3787.0000000000
-11.9809179306,40.0027160645,3788.0000000000
-20.1776866913,41.8358268738,3789.0000000000
-19.9342575073,42.5896530151,3790.0000000000
-18.6374244690,42.0217781067,3791.0000000000
-15.8632860184,42.3693466187,3792.0000000000
1.8955509663,-68.4632720947,3804.0000000000
5.1861438751,-62.1149063110,3805.0000000000
5.5101156235,-64.9258346558,3808.0000000000
2.7659687996,-63.2200202942,3810.0000000000
5.0662307739,-64.0957641602,3821.0000000000
4.8496742249,-63.1493339539,3822.0000000000
5.4894661903,-64.2265014648,3823.0000000000
1.5219734907,-68.2634353638,3831.0000000000
4.4760088921,-64.3480224609,3832.0000000000
4.5557065010,-63.8062782288,3834.0000000000
3.8903148174,-63.8456535339,3835.0000000000
3.9858865738,-64.7480621338,3837.0000000000
-12.0084009171,43.0065956116,3847.0000000000
-16.9566574097,41.1510734558,3851.0000000000
-12.2805948257,37.4938812256,3861.0000000000
-8.1527929306,35.8563346863,3862.0000000000
-9.4332704544,37.6125755310,3863.0000000000
-10.8084011078,38.6130447388,3871.0000000000
-9.1573200226,36.2296295166,3881.0000000000
-8.7587795258,36.6854667664,3882.0000000000
-8.6463365555,36.5593147278,3891.0000000000
-18.0270977020,38.8671035767,3901.0000000000
-15.2619609833,40.4895553589,3911.0000000000
-15.3629989624,40.9159507751,3921.0000000000
-1.6466956139,7.9556016922,3926.0000000000
-15.0282716751,39.9296798706,3932.0000000000
-18.6927337646,38.6978263855,3941.0000000000
-14.4269781113,37.8488578796,3945.0000000000
-14.3154277802,38.5043563843,3946.0000000000
-14.4198865891,40.4751853943,3947.0000000000
-14.0022983551,41.7796211243,3951.0000000000
-14.6680574417,41.4225845337,3952.0000000000
-14.7599706650,41.5509605408,3953.0000000000
-18.3042602539,38.9063339233,3954.0000000000
-14.8297033310,37.8163642883,3955.0000000000
-12.8081407547,37.7620124817,3961.0000000000
-12.7740354538,37.6194686890,3962.0000000000
-12.8522596359,37.7537765503,3972.0000000000
-8.9487075806,44.7424430847,3981.0000000000
-8.5077781677,44.4673767090,3982.0000000000
-7.7352509499,45.1052627563,3983.0000000000
-8.5185537338,44.7384033203,3985.0000000000
-8.5854682922,44.5939521790,3986.0000000000
-8.5022478104,44.4925613403,3987.0000000000
-8.8876905441,45.4720344543,3988.0000000000
-27.2413063049,8.0073986053,4001.0000000000
-28.2386112213,9.2808113098,4002.0000000000
-20.6120796204,5.0133018494,4003.0000000000
-5.0788946152,1.4401804209,4004.0000000000
-19.3608798981,6.2722926140,4005.0000000000
-13.0784330368,1.4106374979,4006.0000000000
-8.1262779236,2.8838455677,4007.0000000000
-26.4879226685,7.7112984657,4008.0000000000
-10.1753578186,3.1232964993,4009.0000000000
-14.9898080826,3.6823673248,4010.0000000000
-21.2730655670,4.8304986954,4012.0000000000
-19.4221706390,6.0458879471,4013.0000000000
-40.0438880920,-14.6480417252,4021.0000000000
-24.0241565704,10.9678201675,4022.0000000000
-29.7535266876,22.6573467255,4023.0000000000
-17.1018066406,6.8189291954,4024.0000000000
-40.0715408325,-14.6743211746,4026.0000000000
-21.8545284271,8.5798492432,4027.0000000000
-30.8435630798,11.6595106125,4028.0000000000
-24.1199874878,8.6655426025,4029.0000000000
-23.4253101349,9.1506204605,4030.0000000000
-14.5309438705,6.3243203163,4031.0000000000
-13.2808170319,3.9783101082,4032.0000000000
-19.3449230194,7.4811520576,4033.0000000000
-24.0825061798,6.1143155098,4034.0000000000
-28.4929084778,23.9363746643,4035.0000000000
-29.0571174622,24.0219764709,4037.0000000000
-25.0709438324,8.5422582626,4038.0000000000
-27.5607013702,24.2419967651,4039.0000000000
-24.1534843445,6.1280412674,4040.0000000000
-19.3965091705,8.3340835571,4041.0000000000
-27.3536167145,8.8371782303,4042.0000000000
-24.4799938202,8.5976085663,4044.0000000000
-25.4657268524,8.5310535431,4045.0000000000
-18.5751380920,3.0098361969,4046.0000000000
-15.1909103394,6.7669863701,4047.0000000000
-28.6308422089,23.7038745880,4048.0000000000
-19.6764011383,7.6389083862,4049.0000000000
-24.3191452026,11.6780567169,4061.0000000000
-24.3138046265,11.1901731491,4062.0000000000
-24.4531898499,9.8592710495,4063.0000000000
-6.7090148926,4.1189503670,4064.0000000000
-15.1392421722,3.7498052120,4065.0000000000
-13.5703897476,6.7590732574,4066.0000000000
-8.5755147934,4.7539997101,4067.0000000000
-12.0757284164,4.2113575935,4068.0000000000
-22.9848175049,10.8313045502,4071.0000000000
-15.1468286514,7.0390539169,4072.0000000000
-24.0490818024,11.3256168365,4073.0000000000
-27.7330169678,22.8147544861,4074.0000000000
-24.7937030792,10.9124059677,4075.0000000000
-7.7359313965,4.8292551041,4076.0000000000
-15.7062978745,2.4804277420,4077.0000000000
-3.9547984600,-0.5253964067,4078.0000000000
-15.7671117783,8.0992364883,4079.0000000000
-7.6719131470,4.4372262955,4080.0000000000
-29.2087097168,22.8784980774,4081.0000000000
-15.5318756104,3.2015116215,4082.0000000000
-24.5423088074,10.6786222458,4083.0000000000
-20.0204753876,6.2207088470,4091.0000000000
-15.2932157516,4.3426222801,4092.0000000000
-14.9243631363,5.2751469612,4093.0000000000
-6.0258631706,3.4982664585,4094.0000000000
-26.8274650574,8.2173137665,4095.0000000000
-11.0743846893,0.9297901392,4096.0000000000
-18.2769622803,4.8204464912,4097.0000000000
-15.3229856491,10.2503833771,4099.0000000000
-19.0202999115,6.8228936195,4100.0000000000
-16.0826320648,4.8933792114,4104.0000000000
-1.0699603558,13.0728597641,4105.0000000000
-9.6415176392,3.8031935692,4106.0000000000
-22.5820655823,19.8766784668,4107.0000000000
-16.2596530914,7.0845556259,4110.0000000000
-21.1348781586,8.2890834808,4111.0000000000
-21.0331001282,6.9208140373,4112.0000000000
-14.8793001175,4.2276258469,4114.0000000000
-4.2418551445,2.3757252693,4117.0000000000
-16.3486881256,3.2535827160,4120.0000000000
-16.1826858521,5.0826697350,4121.0000000000
-18.1174316406,5.6007370949,4122.0000000000
-27.0335540771,8.4349641800,4123.0000000000
-10.0921630859,2.5707528591,4124.0000000000
-17.9984951019,5.4388494492,4125.0000000000
-13.2044134140,0.3058179617,4131.0000000000
-12.5603628159,2.8213174343,4132.0000000000
-9.0799179077,-0.1392310858,4133.0000000000
-1.9894449711,2.4715416431,4134.0000000000
-2.7424635887,1.8083077669,4135.0000000000
-5.6232452393,3.1340067387,4136.0000000000
-3.0058217049,1.2832685709,4137.0000000000
-2.0762748718,2.4620053768,4138.0000000000
-9.0146903992,0.3562899828,4139.0000000000
-4.7715024948,1.8116191626,4140.0000000000
-8.7372922897,0.4303770661,4141.0000000000
-1.3273215294,1.8832029104,4142.0000000000
-1.5293301344,2.0148792267,4143.0000000000
-10.5709295273,2.7044286728,4144.0000000000
-7.1926765442,1.9351282120,4145.0000000000
-7.5287561417,1.1257473230,4146.0000000000
-3.8398370743,1.7833873034,4147.0000000000
-19.5180873871,0.0268729851,4161.0000000000
-20.3965396881,1.7812117338,4163.0000000000
-13.1472949982,8.2918767929,4164.0000000000
-20.5600681305,2.1457121372,4165.0000000000
-6.9660477638,-1.4672750235,4166.0000000000
-6.5849161148,-1.1865304708,4167.0000000000
-20.8714179993,1.5876370668,4169.0000000000
-20.6330928802,1.7405396700,4170.0000000000
-18.8582553864,0.7725842595,4172.0000000000
-11.5700321198,-3.2717146873,4173.0000000000
-6.5448536873,-1.4120794535,4175.0000000000
-4.6108179092,0.6155277491,4176.0000000000
-19.6620769501,0.2905419767,4177.0000000000
-7.8439078331,-2.4081790447,4179.0000000000
-12.1438560486,-0.7722131014,4181.0000000000
-6.0070133209,-0.5956203938,4182.0000000000
-7.5636844635,-1.5652285814,4183.0000000000
-6.2892637253,-1.1312050819,4184.0000000000
-14.3232498169,0.4414851964,4191.0000000000
-10.3014345169,3.1979932785,4192.0000000000
-14.3479061127,3.2443037033,4193.0000000000
-7.3587155342,3.5260648727,4194.0000000000
-11.2739992142,2.9724006653,4195.0000000000
-11.2657871246,3.9298706055,4196.0000000000
-8.2247190475,1.3218051195,4197.0000000000
-13.9051713943,1.4635941982,4198.0000000000
-7.8651337624,1.9910491705,4199.0000000000
-7.4672350883,2.1172540188,4200.0000000000
-26.7825870514,7.9183278084,4201.0000000000
-10.8150396347,4.1708645821,4202.0000000000
-19.1026363373,6.1518087387,4203.0000000000
-20.3651809692,4.1933245659,4204.0000000000
-13.2657165527,1.4233313799,4205.0000000000
-13.5361366272,2.8265185356,4206.0000000000
-12.5190916061,1.0367811918,4207.0000000000
-10.5746421814,4.8567485809,4208.0000000000
-10.2295789719,2.6905314922,4209.0000000000
-20.2241153717,4.9045443535,4210.0000000000
-0.1122180969,10.4122285843,4221.0000000000
-9.9416341782,7.2397761345,4222.0000000000
0.4397313893,12.0329837799,4223.0000000000
0.3549809456,12.0430727005,4224.0000000000
-7.1178545952,5.7014789581,4226.0000000000
-6.4715366364,5.7570881844,4227.0000000000
-7.7558798790,5.2910037041,4228.0000000000
-7.2143507004,4.9792094231,4229.0000000000
-12.2878189087,5.6633572578,4230.0000000000
4.8265886307,35.3424186707,4231.0000000000
0.8576288223,11.9002351761,4232.0000000000
-8.0866441727,7.2554068565,4233.0000000000
-11.8953084946,7.9517993927,4234.0000000000
-6.6391553879,7.0105519295,4235.0000000000
-12.0440740585,7.8145151138,4236.0000000000
6.3206582069,40.6500167847,4237.0000000000
-12.4293813705,5.7534809113,4238.0000000000
6.2515029907,40.2824325562,4239.0000000000
-12.5129013062,4.1501350403,4240.0000000000
-5.0300569534,-2.2002263069,4251.0000000000
-42.9870262146,2.5519521236,4252.0000000000
-42.8775253296,4.9860391617,4253.0000000000
-39.0336036682,3.0206212997,4254.0000000000
-20.5306758881,-0.7626207471,4255.0000000000
-37.6489639282,4.1764545441,4256.0000000000
-41.2004890442,5.5131168365,4257.0000000000
-43.8804626465,3.7188150883,4258.0000000000
-5.3638758659,-1.0948662758,4259.0000000000
-21.9054126740,0.4404060245,4260.0000000000
-19.7155990601,0.6705349684,4261.0000000000
-5.7184376717,-2.0452673435,4262.0000000000
-38.9242172241,3.1537594795,4263.0000000000
-11.0887823105,-3.4951624870,4264.0000000000
-26.9803943634,-6.6109113693,4271.0000000000
-6.9785842896,0.6384932399,4273.0000000000
-12.6733646393,-3.1985292435,4274.0000000000
-3.4429726601,2.1157305241,4275.0000000000
-12.9695310593,0.9062151909,4276.0000000000
-2.4250206947,2.0566375256,4277.0000000000
-9.8203878403,-0.9934122562,4279.0000000000
-14.1210641861,-2.2773139477,4280.0000000000
-2.1207447052,1.7877459526,4281.0000000000
-14.0090312958,-2.2962892056,4282.0000000000
-9.5536098480,-0.9031515718,4283.0000000000
-4.8195104599,2.3933739662,4284.0000000000
-13.8463621140,-2.3946619034,4285.0000000000
-6.1684384346,1.2329493761,4286.0000000000
-12.8764390945,-3.2193477154,4287.0000000000
-0.8770477176,2.3965718746,4288.0000000000
-26.4440402985,7.3086109161,4289.0000000000
-8.2956399918,5.7206082344,4301.0000000000
-4.3483934402,3.8097546101,4302.0000000000
-14.9815959930,6.1498208046,4303.0000000000
-15.7621908188,6.1729502678,4304.0000000000
-20.6725311279,7.0777912140,4305.0000000000
-9.7327613831,1.9925599098,4306.0000000000
-12.1360454559,2.1500656605,4307.0000000000
-37.0029487610,11.6909389496,4308.0000000000
-18.7922134399,7.1148285866,4309.0000000000
-15.7951326370,-0.8451660872,4310.0000000000
-5.6041073799,4.5929293633,4311.0000000000
-15.0837249756,6.9087381363,4312.0000000000
-5.8767881393,4.5239109993,4313.0000000000
-29.5772533417,-6.3356151581,4314.0000000000
-16.1110763550,-0.7926084995,4315.0000000000
-16.5836143494,4.6007328033,4316.0000000000
-11.0718946457,0.6979429722,4317.0000000000
-17.9147224426,7.5179629326,4318.0000000000
-8.1070289612,4.1618475914,4319.0000000000
-14.2656536102,7.8652534485,4320.0000000000
-11.5357789993,8.6178874969,4322.0000000000
-22.3381404877,7.5627136230,4323.0000000000
-18.6527824402,26.6532840729,4401.0000000000
2.4385566711,18.0646896362,4406.0000000000
-5.2826738358,20.7906188965,4411.0000000000
-1.7522133589,19.3175907135,4416.0000000000
-13.1339817047,28.6654109955,4421.0000000000
-8.2293815613,21.7137756348,4426.0000000000
-5.4152989388,21.1545639038,4431.0000000000
-18.7211513519,26.6559524536,4436.0000000000
-19.2035942078,26.5367717743,4441.0000000000
-1.3678494692,18.7724361420,4446.0000000000
-6.9863905907,22.2638378143,4451.0000000000
-6.6184983253,21.1887397766,4461.0000000000
-6.1052699089,20.7167282104,4471.0000000000
-4.1583924294,19.4806823730,4476.0000000000
-0.6080397367,18.5980453491,4486.0000000000
-0.0887003914,16.9066238403,4495.0000000000
-4.3487806320,19.4659938812,4501.0000000000
-5.3505134583,19.9194793701,4506.0000000000
-0.5901582837,17.8083724976,4511.0000000000
-5.9014730453,16.0236148834,4536.0000000000
-8.4752035141,19.6140213013,4545.0000000000
-7.2605876923,20.4166145325,4551.0000000000
-6.6454567909,20.0763378143,4561.0000000000
-17.0795783997,24.9721755981,4566.0000000000
-7.3902945518,20.0806312561,4571.0000000000
-2.8479351997,15.7101192474,4590.0000000000
-6.7991490364,18.6885929108,4591.0000000000
-4.8292326927,17.6333160400,4601.0000000000
-9.4745416641,21.4635448456,4606.0000000000
-3.5578346252,16.6922874451,4611.0000000000
-3.5373420715,17.0665054321,4616.0000000000
-8.5950927734,20.9860305786,4641.0000000000
-7.6511154175,18.7835140228,4646.0000000000
-9.4217634201,19.4089107513,4651.0000000000
-3.6226251125,18.4733257294,4656.0000000000
-1.4057028294,15.8976926804,4666.0000000000
-17.2412853241,25.3660526276,4671.0000000000
-2.0229697227,17.3162155151,4681.0000000000
-4.0273694992,20.2417030334,4683.0000000000
-17.0585117340,25.3287696838,4691.0000000000
-8.6769800186,20.2340011597,4696.0000000000
-0.8627537489,14.0582323074,4701.0000000000
-1.1590332985,15.8654289246,4711.0000000000
-5.4828124046,19.8540744781,4721.0000000000
-0.5231483579,18.9525241852,4726.0000000000
-1.0503801107,15.9005975723,4741.0000000000
-5.9901223183,19.9553508759,4746.0000000000
-6.0891265869,21.8804721832,4751.0000000000
-0.7488821745,17.0174465179,4756.0000000000
-6.3773374557,21.0107021332,4761.0000000000
-1.0032802820,15.2194881439,4776.0000000000
-4.7886381149,19.2043819427,4781.0000000000
-0.3730611503,18.7645606995,4791.0000000000
-8.2769746780,18.4700851440,4801.0000000000
-4.1740455627,18.8830261230,4806.0000000000
-4.3965458870,17.0037193298,4811.0000000000
0.0992865041,16.1871623993,4816.0000000000
-4.2525286674,17.2396183014,4821.0000000000
-4.7638330460,18.6487293243,4831.0000000000
-2.3733620644,17.7016849518,4841.0000000000
-0.4000305235,14.5870046616,4846.0000000000
-5.9214448929,18.0783996582,4851.0000000000
-7.8823280334,18.9601364136,4864.0000000000
-6.4254713058,16.5336399078,4871.0000000000
-0.5530200005,16.0257568359,4881.0000000000
-3.1063084602,18.5342216492,4891.0000000000
-1.5217431784,18.0293064117,4901.0000000000
-3.9656560421,19.2352447510,4911.0000000000
-1.5829213858,17.6281814575,4921.0000000000
-5.0182304382,18.7527732849,4941.0000000000
-8.5129079819,20.6115036011,4946.0000000000
-2.3524906635,16.5220661163,4951.0000000000
2.5910210609,-61.4467773438,5001.0000000000
1.6915813684,-62.2674560547,5002.0000000000
-0.0332850143,-66.5935668945,5003.0000000000
-0.7096866369,-67.0607376099,5009.0000000000
2.2280347347,-62.4877090454,5010.0000000000
-0.2887970805,-66.0325317383,5017.0000000000
0.7362936139,-66.6862487793,5048.0000000000
0.7527970076,-67.5815277100,5049.0000000000
1.1566469669,-65.6614227295,5050.0000000000
0.3176817894,-68.2615814209,5061.0000000000
-0.3966430128,-68.4123916626,5063.0000000000
1.6887240410,-63.1561584473,5064.0000000000
0.3596729636,-68.7373046875,5071.0000000000
0.9417966604,-66.6367340088,5072.0000000000
1.9997965097,-63.8474349976,5073.0000000000
1.9251998663,-66.2803878784,5076.0000000000
3.4118244648,-61.5248756409,5077.0000000000
-1.6168038845,-67.8445129395,5078.0000000000
0.2496851236,-67.9084854126,5079.0000000000
-5.2049541473,-62.2052040100,5091.0000000000
0.5888068080,-64.8966674805,5095.0000000000
-5.9723472595,-62.9427680969,5096.0000000000
-1.9442982674,-62.0187797546,5097.0000000000
2.7626621723,-66.1019592285,5102.0000000000
3.1634066105,-67.4925155640,5105.0000000000
-0.8825731874,-64.2139968872,5108.0000000000
-0.4172653556,-65.3199920654,5112.0000000000
-0.4006528556,-60.5864334106,5113.0000000000
-1.7764800787,-62.4213027954,5115.0000000000
1.0044811964,-57.9376144409,5117.0000000000
-3.6590607166,-61.4446067810,5118.0000000000
-4.8734803200,-62.4432525635,5120.0000000000
-6.9311270714,-60.6694717407,5121.0000000000
-5.5311293602,-63.3338623047,5125.0000000000
1.9587764740,-65.0466842651,5129.0000000000
-1.3031482697,-62.3040428162,5131.0000000000
3.5033469200,-59.7687377930,5135.0000000000
1.5152450800,-58.4971771240,5136.0000000000
-0.1014972106,-64.4332351685,5138.0000000000
-2.0781500340,-63.1537590027,5141.0000000000
-0.6961858869,-57.5540733337,5143.0000000000
1.8919032812,-59.9274902344,5144.0000000000
-1.7539113760,-58.2978591919,5146.0000000000
0.8122493029,-62.7221260071,5148.0000000000
1.5181705952,-59.1422691345,5149.0000000000
-2.7691941261,-62.1603813171,5151.0000000000
-4.0912690163,-62.4287147522,5154.0000000000
-0.5528177023,-60.1742019653,5160.0000000000
-4.2236299515,-64.1650695801,5161.0000000000
-2.4245042801,-64.3366241455,5162.0000000000
-0.2485640943,-63.3852920532,5167.0000000000
-1.6949455738,-62.7686119080,5171.0000000000
-3.7046053410,-61.0176658630,5176.0000000000
-1.8439375162,-61.1465682983,5178.0000000000
-5.2475376129,-60.7844772339,5180.0000000000
-1.6571543217,-59.3446846008,5181.0000000000
-2.2334270477,-65.5518722534,5186.0000000000
-3.1685082912,-64.3997421265,5187.0000000000
-0.9067362547,-63.8965797424,5189.0000000000
-2.6450197697,-62.2911720276,5192.0000000000
-2.6354563236,-63.0798454285,5193.0000000000
-2.5735125542,-61.7103042603,5194.0000000000
-1.3615163565,-60.4107780457,5195.0000000000
-4.1140990257,-60.3858566284,5196.0000000000
-0.3864087760,-62.6805381775,5197.0000000000
-2.5032556057,-60.8025894165,5198.0000000000
-0.9345778227,-66.2717742920,5199.0000000000
2.1146118641,-58.2718544006,5200.0000000000
-1.7244595289,-64.9440307617,5202.0000000000
-6.0443634987,-61.8817062378,5203.0000000000
-2.8041245937,-59.9472007751,5205.0000000000
-5.3233575821,-59.6581802368,5206.0000000000
-0.7347800732,-59.0374412537,5207.0000000000
-3.1957368851,-60.2427330017,5208.0000000000
-3.2859470844,-62.6526603699,5210.0000000000
-2.8698551655,-61.2619705200,5212.0000000000
-3.2346270084,-63.7831192017,5213.0000000000
-5.3419003487,-61.3958778381,5214.0000000000
-1.8532027006,-63.1180076599,5216.0000000000
2.1042671204,-60.6178855896,5219.0000000000
-3.4997899532,-62.0170059204,5221.0000000000
0.3048131466,-59.1160736084,5222.0000000000
-4.3576683998,-60.3719139099,5225.0000000000
1.2426902056,-60.3445129395,5226.0000000000
0.6989973187,-62.6097793579,5227.0000000000
-4.1397347450,-58.9600715637,5230.0000000000
-3.6074054241,-63.1991806030,5231.0000000000
-3.2029175758,-59.3049697876,5233.0000000000
-5.2850775719,-61.4279861450,5236.0000000000
0.8630563617,-60.1172218323,5237.0000000000
0.0363700315,-66.2551727295,5238.0000000000
1.5358065367,-60.9991340637,5242.0000000000
-0.4665056169,-62.0063133240,5249.0000000000
0.4289151728,-61.5486526489,5250.0000000000
1.5763218403,-61.4304351807,5251.0000000000
-0.4843559563,-61.2967987061,5254.0000000000
-0.0300550219,-61.7667579651,5257.0000000000
0.4801358879,-62.1016731262,5260.0000000000
0.5386484861,-62.2533912659,5263.0000000000
1.0565485954,-61.4412345886,5266.0000000000
-1.0713485479,-61.2703132629,5268.0000000000
0.2461902797,-60.8294639587,5269.0000000000
3.0322885513,-61.6467285156,5281.0000000000
0.8341507912,-65.9953079224,5287.0000000000
-3.0453612804,-67.0256271362,5304.0000000000
4.6479721069,-59.8257560730,5307.0000000000
3.1138033867,-58.6638183594,5309.0000000000
1.0836117268,-64.2330322266,5310.0000000000
4.3283219337,-65.7346725464,5315.0000000000
0.5721460581,-63.9242973328,5317.0000000000
1.6355929375,-67.4296722412,5323.0000000000
2.4866130352,-59.6433219910,5324.0000000000
1.0320113897,-59.4036979675,5396.0000000000
3.2450103760,-59.7334442139,5397.0000000000
-1.3020521402,-62.3791122437,5398.0000000000
47.6456069946,-5.4489960670,5401.0000000000
46.9041023254,-5.3124923706,5402.0000000000
53.4576530457,2.6148173809,5403.0000000000
46.1287231445,-6.7780237198,5404.0000000000
47.9418640137,-6.2093033791,5405.0000000000
46.3042182922,-6.0490031242,5406.0000000000
41.0444564819,3.1846439838,5407.0000000000
55.4874763489,-5.5028181076,5408.0000000000
47.9102287292,-5.8962922096,5409.0000000000
58.3577384949,-5.9574718475,5410.0000000000
57.5743103027,-5.3593487740,5411.0000000000
47.3610229492,-7.3131785393,5412.0000000000
46.8911170959,-6.7354941368,5413.0000000000
47.2254791260,-5.6608128548,5414.0000000000
53.7832069397,-3.6397531033,5415.0000000000
43.0803833008,6.1239180565,5421.0000000000
47.4297714233,6.6672048569,5422.0000000000
56.8224792480,-0.9762927294,5423.0000000000
46.9076232910,5.3247594833,5424.0000000000
56.7033615112,-2.0635728836,5425.0000000000
47.4897575378,11.4854640961,5426.0000000000
48.6617622375,10.8757543564,5427.0000000000
54.1002349854,-2.6462008953,5428.0000000000
51.7008361816,5.6053943634,5429.0000000000
50.2411956787,8.7296657562,5430.0000000000
56.3286018372,-6.9079852104,5431.0000000000
49.2520332336,4.7565207481,5432.0000000000
46.3449401855,3.2122747898,5434.0000000000
49.9911231995,-4.9011144638,5435.0000000000
58.0124816895,-1.3692758083,5436.0000000000
54.5576515198,-6.6430678368,5437.0000000000
49.4459114075,-2.8276784420,5451.0000000000
53.9104690552,-2.0020248890,5456.0000000000
49.6497421265,-3.2203443050,5458.0000000000
57.9851150513,-1.8398743868,5464.0000000000
54.5107727051,2.1565361023,5471.0000000000
52.5505981445,1.3031331301,5472.0000000000
43.6035423279,0.1531118900,5473.0000000000
48.3657341003,2.7745225430,5474.0000000000
50.7088813782,4.1353063583,5475.0000000000
49.0323905945,7.3863735199,5476.0000000000
43.2278175354,1.8471689224,5477.0000000000
53.9971046448,4.1998434067,5478.0000000000
55.5442924500,0.9795380235,5479.0000000000
49.6144218445,-1.7086098194,5480.0000000000
44.8396720886,-2.3202762604,5481.0000000000
50.0049247742,0.5562857389,5482.0000000000
43.3845100403,1.7766133547,5483.0000000000
50.5480041504,2.2384979725,5484.0000000000
50.9290199280,9.0040664673,5485.0000000000
49.1734352112,-1.5822333097,5486.0000000000
52.6082115173,-6.9621615410,5487.0000000000
43.9604225159,-3.1319155693,5488.0000000000
46.6024665833,8.9508275986,5489.0000000000
45.5089263916,-1.7734036446,5490.0000000000
49.0404586792,-5.3646621704,5491.0000000000
50.3533439636,-0.2502487302,5492.0000000000
51.8641166687,0.3155844212,5493.0000000000
48.5354881287,3.4512286186,5494.0000000000
42.0790328979,1.3229055405,5495.0000000000
42.7830543518,-0.2500360310,5496.0000000000
42.8214836121,2.2521610260,5497.0000000000
46.4694519043,1.3034526110,5498.0000000000
55.2785148621,4.9596805573,5499.0000000000
54.8629875183,-2.2233402729,5500.0000000000
52.9297409058,3.3373062611,5501.0000000000
41.3572959900,4.3644409180,5503.0000000000
50.1176719666,5.4998536110,5511.0000000000
49.6537208557,1.5169074535,5512.0000000000
59.0439376831,-0.2028941214,5513.0000000000
52.9074020386,3.3206527233,5514.0000000000
47.3543586731,-0.2057986706,5515.0000000000
43.5322151184,4.7046051025,5516.0000000000
43.8381690979,1.3333772421,5518.0000000000
54.8087272644,-3.3486146927,5520.0000000000
44.6719474792,1.8119333982,5521.0000000000
48.3960533142,-0.6756486297,5522.0000000000
44.5125808716,0.5928862691,5523.0000000000
44.7094802856,0.6019066572,5527.0000000000
56.3898429871,1.2913507223,5529.0000000000
56.9547462463,-3.0912587643,5530.0000000000
52.2811088562,2.1661071777,5531.0000000000
56.5620536804,2.9088788033,5533.0000000000
55.7811698914,2.2059493065,5534.0000000000
46.2690086365,-2.2673566341,5535.0000000000
57.2649955750,2.2011349201,5537.0000000000
56.2280273438,-2.5878610611,5539.0000000000
53.2368736267,2.4177737236,5540.0000000000
57.8899040222,0.1722634882,5541.0000000000
51.5746040344,-4.4640622139,5551.0000000000
48.1774940491,-3.5387740135,5552.0000000000
50.7935523987,-3.3079724312,5553.0000000000
50.8937911987,-5.3547387123,5554.0000000000
48.5466270447,0.3858931363,5555.0000000000
47.6303329468,0.8248631358,5556.0000000000
55.4760780334,-4.5185804367,5557.0000000000
57.9421691895,0.9290593863,5559.0000000000
47.2659645081,-1.1293414831,5560.0000000000
46.8693923950,0.6157038808,5561.0000000000
35.1448745728,-22.2611198425,5562.0000000000
47.7709426880,-4.2613282204,5563.0000000000
55.7246170044,-3.1767249107,5564.0000000000
46.5481910706,1.3864789009,5565.0000000000
44.7732315063,-5.1467208862,5566.0000000000
40.8416519165,-1.8001866341,5568.0000000000
43.3925247192,-2.8951237202,5571.0000000000
42.9934120178,4.9058160782,5581.0000000000
42.2349128723,0.9327288866,5582.0000000000
42.8073883057,0.3986484408,5583.0000000000
42.1420860291,4.0781798363,5584.0000000000
43.8633117676,9.7872591019,5585.0000000000
38.2785720825,0.3618628681,5586.0000000000
45.2443923950,8.0028619766,5587.0000000000
45.4407539368,8.5683069229,5588.0000000000
39.7200584412,0.2970481515,5589.0000000000
44.3943099976,8.5273342133,5590.0000000000
39.0878486633,-0.1453021616,5591.0000000000
42.5143165588,0.3390312493,5592.0000000000
45.5674781799,6.8128314018,5601.0000000000
53.5554313660,-3.3809797764,5604.0000000000
44.9511260986,8.7401142120,5606.0000000000
52.8406867981,-0.3816324770,5607.0000000000
49.7722167969,7.0878295898,5609.0000000000
42.1032142639,6.1122550964,5610.0000000000
46.9451026917,3.9302144051,5611.0000000000
47.8125038147,7.4951629639,5613.0000000000
48.4533271790,5.4064145088,5621.0000000000
48.6571464539,8.4913702011,5622.0000000000
46.6633186340,10.9605808258,5623.0000000000
40.9928627014,0.9236353636,5624.0000000000
47.1109962463,7.2811779976,5625.0000000000
38.9030113220,-0.2388484925,5627.0000000000
47.3197250366,8.1410455704,5628.0000000000
47.3458137512,2.8418292999,5629.0000000000
44.8804664612,9.8409585953,5631.0000000000
41.3227386475,1.5273587704,5632.0000000000
45.3939743042,7.4498758316,5633.0000000000
47.5800819397,6.2970695496,5634.0000000000
40.1867599487,0.4318590760,5635.0000000000
42.1683273315,5.3467226028,5636.0000000000
48.0228157043,6.3343429565,5637.0000000000
44.5629577637,7.8134574890,5638.0000000000
43.0619354248,9.3113842010,5639.0000000000
42.2174644470,8.3456897736,5640.0000000000
41.4453544617,2.3656206131,5642.0000000000
42.6714630127,3.9229424000,5643.0000000000
41.1037483215,6.2368574142,5644.0000000000
43.8536148071,8.9391212463,5645.0000000000
44.8104629517,7.3695254326,5646.0000000000
46.2419166565,10.1173582077,5648.0000000000
45.2768440247,3.1262898445,5649.0000000000
52.7547874451,5.4392590523,5650.0000000000
52.0975036621,7.4714245796,5651.0000000000
47.6265983582,4.7816100121,5652.0000000000
45.6151008606,10.2339620590,5653.0000000000
48.8041992188,6.3691835403,5654.0000000000
48.1223411560,7.0396938324,5655.0000000000
52.6886024475,-1.6463894844,5661.0000000000
49.1459999084,-4.2006454468,5663.0000000000
59.7388114929,-4.8329534531,5665.0000000000
49.4966430664,-6.3159728050,5669.0000000000
60.8986968994,-2.2585353851,5671.0000000000
54.6455039978,0.5726270080,5673.0000000000
44.4224052429,-1.2387673855,5674.0000000000
49.0818748474,-4.7861466408,5675.0000000000
49.2500534058,-3.0318689346,5678.0000000000
48.3958930969,-2.6697204113,5680.0000000000
58.8025665283,1.7262973785,5683.0000000000
60.2699890137,-1.5300563574,5684.0000000000
49.0023231506,-7.4864935875,5688.0000000000
55.2484855652,-8.5089521408,5690.0000000000
45.1363906860,-0.4288140833,5692.0000000000
54.3637542725,0.4192381501,5693.0000000000
49.7586669922,12.0948982239,5701.0000000000
47.5526542664,9.4163751602,5702.0000000000
45.1391601562,3.6945724487,5703.0000000000
44.9866409302,5.7443790436,5704.0000000000
43.6420936584,13.7469978333,5705.0000000000
44.8748168945,13.8937349319,5706.0000000000
46.6934623718,12.4966192245,5707.0000000000
44.3995399475,14.6600084305,5708.0000000000
45.8502120972,11.7467098236,5709.0000000000
44.9239845276,4.1854658127,5710.0000000000
44.6380195618,13.3547353745,5711.0000000000
44.8882637024,13.2129211426,5712.0000000000
44.7045822144,13.4575185776,5713.0000000000
47.9516258240,9.5170822144,5714.0000000000
44.3412132263,10.8383750916,5715.0000000000
44.5381469727,6.9639878273,5716.0000000000
45.0425148010,13.3540277481,5717.0000000000
44.3376808167,13.1430454254,5718.0000000000
47.4221038818,10.3353700638,5719.0000000000
46.6056137085,9.6880407333,5720.0000000000
42.8493728638,3.8102524281,5721.0000000000
47.0311508179,6.1474976540,5722.0000000000
43.4583511353,12.7396974564,5723.0000000000
39.9246673584,1.6611584425,5724.0000000000
43.9262695312,8.0372676849,5725.0000000000
43.7302207947,11.6370992661,5726.0000000000
39.2789878845,2.0827429295,5727.0000000000
48.9474258423,12.1440496445,5728.0000000000
44.4995918274,13.6203937531,5729.0000000000
43.2745857239,11.6065244675,5730.0000000000
44.3206443787,4.2714557648,5731.0000000000
46.1511077881,8.3559179306,5732.0000000000
52.3075141907,-5.5237717628,5741.0000000000
55.6441459656,-0.7923139334,5742.0000000000
51.7670021057,-1.1254873276,5743.0000000000
48.0179634094,-2.0103116035,5744.0000000000
45.7039337158,-2.9722890854,5745.0000000000
49.1548652649,-5.0113015175,5746.0000000000
52.2592849731,-3.5271558762,5747.0000000000
49.6601066589,-0.8192477822,5748.0000000000
48.7835464478,-1.9938038588,5749.0000000000
50.9498329163,-0.9672834277,5750.0000000000
46.1478958130,-3.6748979092,5752.0000000000
53.4533271790,0.9518657923,5754.0000000000
51.4705619812,-2.6092052460,5755.0000000000
54.7597465515,-3.9785385132,5756.0000000000
46.8809051514,-1.6650522947,5757.0000000000
50.5136947632,-6.6287512779,5758.0000000000
52.8333396912,0.3819622397,5759.0000000000
52.6888313293,-4.4693579674,5760.0000000000
39.2763175964,-1.4675241709,5761.0000000000
52.9238777161,-7.1922821999,5762.0000000000
54.7252426147,-4.6266093254,5763.0000000000
46.4185218811,-5.0678458214,5764.0000000000
53.5807723999,-5.1208424568,5765.0000000000
50.6191711426,-1.9747166634,5766.0000000000
53.8450355530,-0.1040998101,5785.0000000000
53.3494186401,-3.0315356255,5788.0000000000
39.1113090515,3.2479348183,5790.0000000000
41.4785842896,0.3453099132,5792.0000000000
59.3009376526,-4.2923870087,5798.0000000000
43.6003570557,3.1875293255,5799.0000000000
55.7446708679,-1.7196780443,5803.0000000000
53.3880653381,0.5746597052,5804.0000000000
45.7350540161,-2.1953711510,5805.0000000000
46.4031486511,-1.1871674061,5806.0000000000
45.0587120056,-3.8831770420,5812.0000000000
57.8944168091,-4.3292241096,5813.0000000000
57.3922157288,-3.6516034603,5816.0000000000
57.7294731140,-3.1790068150,5817.0000000000
46.3689460754,-8.2143220901,5819.0000000000
56.9245109558,4.4931125641,5821.0000000000
57.0572280884,-2.9207565784,5822.0000000000
57.3626251221,-1.8859550953,5827.0000000000
59.0742492676,-5.7615809441,5828.0000000000
56.1515808105,-0.0893225595,5830.0000000000
56.9806060791,-2.7175483704,5831.0000000000
57.3859214783,-5.2316484451,5841.0000000000
57.0838851929,-5.4280481339,5842.0000000000
57.5343170166,-5.8434157372,5843.0000000000
40.3815536499,5.3364615440,5851.0000000000
45.8680458069,5.6432805061,5852.0000000000
44.5672645569,10.0127353668,5853.0000000000
55.0550765991,3.4665133953,5854.0000000000
45.9841117859,13.7277526855,5855.0000000000
49.2401161194,9.6050415039,5856.0000000000
52.9865341187,4.7538514137,5857.0000000000
53.8531837463,6.2452583313,5858.0000000000
47.8908386230,8.3610582352,5859.0000000000
46.3130073547,6.5230774879,5860.0000000000
42.0395698547,4.1134371758,5861.0000000000
52.5278396606,-0.6451441050,5862.0000000000
45.3806762695,11.2483463287,5863.0000000000
47.0888290405,-2.6909008026,5871.0000000000
40.8959465027,-1.6333183050,5872.0000000000
45.4038352966,-2.6887559891,5873.0000000000
45.0862045288,8.6391649246,5881.0000000000
45.9545135498,7.6742477417,5882.0000000000
45.2587776184,9.3800373077,5883.0000000000
40.0918121338,0.8985339403,5884.0000000000
43.1256370544,7.6548209190,5885.0000000000
40.7189750671,1.9117712975,5886.0000000000
45.3345375061,9.0133066177,5888.0000000000
41.6556282043,3.2810890675,5889.0000000000
38.5025253296,0.4720086157,5890.0000000000
44.8115272522,6.3801317215,5891.0000000000
59.4378623962,-1.2666679621,5902.0000000000
60.1314086914,-4.2003369331,5903.0000000000
43.7435646057,6.7277026176,5904.0000000000
56.0226440430,-3.8852789402,5905.0000000000
58.4632568359,-3.6473438740,5907.0000000000
56.6470489502,0.0044582733,5908.0000000000
42.0074539185,9.8153724670,5909.0000000000
54.5154495239,-0.7383778691,5910.0000000000
59.0995330811,-6.7291140556,5911.0000000000
59.7284545898,-2.9417355061,5912.0000000000
54.5702629089,-1.0291439295,5913.0000000000
52.4296836853,-2.5138709545,5914.0000000000
54.1022415161,1.4079790115,5919.0000000000
59.9233322144,0.5321103930,5921.0000000000
46.3492546082,-0.0227758233,5922.0000000000
51.3149490356,2.9959857464,5923.0000000000
53.5715179443,-1.0596019030,5924.0000000000
54.7305374146,-0.0029590912,5925.0000000000
58.0016822815,-0.3873448372,5926.0000000000
58.4332504272,-2.7932009697,5928.0000000000
54.9027671814,1.3536494970,5929.0000000000
56.4117355347,-4.0917663574,5930.0000000000
43.1816444397,-4.8483438492,5931.0000000000
58.5157089233,-1.5663788319,5932.0000000000
43.1726722717,-1.6722317934,5933.0000000000
58.9534339905,-2.3053648472,5934.0000000000
58.1705780029,3.1873483658,5935.0000000000
51.1338729858,1.0483728647,5937.0000000000
39.8478469849,-0.5342675447,5938.0000000000
47.1511650085,-1.7471795082,5939.0000000000
-3.3155055046,58.4913673401,6002.0000000000
-1.9166802168,61.6986923218,6004.0000000000
-2.8573577404,59.8343200684,6007.0000000000
-3.1453828812,59.6493072510,6008.0000000000
-2.4779357910,63.1981773376,6009.0000000000
-2.8789715767,59.5166778564,6010.0000000000
0.9242179990,63.5661468506,6011.0000000000
30.8155422211,-41.1180152893,6021.0000000000
28.0444030762,-42.0894088745,6022.0000000000
30.1220569611,-40.7147521973,6023.0000000000
29.1228713989,-40.4148864746,6024.0000000000
30.0618839264,-40.6976356506,6025.0000000000
30.1286277771,-41.9566955566,6031.0000000000
27.9643821716,-44.1623115540,6032.0000000000
27.9647750854,-43.3391914368,6033.0000000000
28.0295104980,-43.4690513611,6034.0000000000
27.3973503113,-43.2483634949,6035.0000000000
30.7182216644,-42.1805343628,6036.0000000000
-3.9721899033,58.5472869873,6052.0000000000
-5.4617471695,58.0522727966,6054.0000000000
-4.3834667206,58.9159851074,6056.0000000000
-3.0153417587,58.8125495911,6057.0000000000
-0.7323003411,61.9771995544,6058.0000000000
-4.2154021263,57.9964523315,6061.0000000000
-2.5065588951,58.5071258545,6076.0000000000
-3.4875032902,59.0542831421,6077.0000000000
31.2628574371,-37.6169891357,6082.0000000000
29.4511566162,-43.4945755005,6083.0000000000
29.9179382324,-43.6729240417,6084.0000000000
30.2008399963,-43.8748703003,6087.0000000000
30.1327953339,-41.2209815979,6089.0000000000
32.1292610168,-39.9573631287,6090.0000000000
-0.8115094304,60.8496780396,6101.0000000000
-0.0224099085,59.7057151794,6102.0000000000
-0.6015347838,63.2566413879,6104.0000000000
-4.1228604317,56.8965759277,6109.0000000000
-2.0942907333,60.0814666748,6110.0000000000
-3.0036776066,57.5584106445,6111.0000000000
-4.6784434319,61.1110763550,6112.0000000000
0.2778463364,60.9920043945,6113.0000000000
-0.1480057985,60.6944503784,6116.0000000000
-0.7642724514,60.1606178284,6117.0000000000
-1.0304412842,61.0575447083,6118.0000000000
-1.6712181568,60.6936798096,6119.0000000000
27.3570346832,-42.6086235046,6131.0000000000
28.7452259064,-40.9861145020,6132.0000000000
28.6046943665,-41.9828109741,6133.0000000000
31.2040863037,-43.5502586365,6134.0000000000
28.5503196716,-42.8338546753,6135.0000000000
30.5172443390,-39.5762100220,6136.0000000000
29.1769981384,-40.6385192871,6137.0000000000
28.3416423798,-41.5758590698,6139.0000000000
29.1889305115,-41.4906692505,6140.0000000000
27.4253234863,-41.1701431274,6141.0000000000
31.4198131561,-42.4431266785,6142.0000000000
29.4033050537,-42.3173065186,6151.0000000000
29.2652416229,-38.5077819824,6152.0000000000
29.7905120850,-38.1719665527,6153.0000000000
28.8932037354,-38.0860862732,6154.0000000000
28.9031028748,-37.5596618652,6155.0000000000
27.2856655121,-41.8500061035,6156.0000000000
26.8285541534,-42.1973037720,6157.0000000000
29.5781879425,-39.4751892090,6158.0000000000
29.5102195740,-38.2922019958,6159.0000000000
-6.4374318123,59.8611564636,6172.0000000000
-3.3689885139,60.5234413147,6173.0000000000
-5.4542846680,60.3051414490,6177.0000000000
-2.0933156013,57.9794349670,6181.0000000000
-2.4581134319,61.0263252258,6191.0000000000
-3.9858329296,62.6277503967,6192.0000000000
-3.3531157970,60.1660194397,6193.0000000000
-0.8538264036,58.6103477478,6194.0000000000
-3.8079171181,62.2443656921,6195.0000000000
-5.1396198273,58.9537124634,6197.0000000000
-1.7076967955,59.4957237244,6198.0000000000
-2.5084719658,60.0693855286,6199.0000000000
-2.5578119755,60.8540611267,6201.0000000000
-3.3963267803,62.6363220215,6202.0000000000
-3.6856312752,58.6471328735,6203.0000000000
-1.8079969883,60.5690193176,6204.0000000000
-3.1005403996,56.7302093506,6205.0000000000
27.5657901764,-40.1789894104,6211.0000000000
26.5485687256,-41.6552085876,6212.0000000000
31.5951690674,-37.8746147156,6213.0000000000
32.9583129883,-39.7997436523,6214.0000000000
29.2474403381,-38.7670745850,6215.0000000000
31.2345962524,-39.0883483887,6217.0000000000
31.7858505249,-39.6655120850,6218.0000000000
29.6611557007,-40.2112617493,6219.0000000000
28.3403224945,-39.9157028198,6220.0000000000
30.4152336121,-38.1901779175,6232.0000000000
30.7050838470,-37.3384742737,6235.0000000000
28.6384258270,-41.2194976807,6238.0000000000
31.1887855530,-36.7137565613,6239.0000000000
29.7398834229,-42.1173667908,6240.0000000000
30.9101047516,-39.7765464783,6241.0000000000
29.6185035706,-41.3764991760,6246.0000000000
30.4457912445,-38.5125503540,6248.0000000000
31.0651683807,-38.7484092712,6249.0000000000
30.5598487854,-37.6748962402,6250.0000000000
31.5628089905,-40.4191665649,6252.0000000000
30.5608520508,-40.2950820923,6253.0000000000
31.7881069183,-40.2187652588,6261.0000000000
30.9021568298,-40.2675590515,6263.0000000000
27.9485321045,-42.1626815796,6265.0000000000
30.9909439087,-39.3259925842,6266.0000000000
32.4495773315,-41.4890365601,6267.0000000000
-2.2850389481,59.4085083008,6281.0000000000
0.6198579073,62.4028625488,6282.0000000000
0.1687148958,62.6965942383,6283.0000000000
-0.0861821696,61.7449150085,6285.0000000000
-1.3944997787,61.3326797485,6286.0000000000
-2.5892004967,61.8646659851,6287.0000000000
-1.0685970783,57.2056694031,6288.0000000000
1.2360018492,61.7812271118,6289.0000000000
-1.9324671030,56.6345443726,6290.0000000000
0.6710546613,61.5637817383,6291.0000000000
-0.3032966852,61.9477348328,6292.0000000000
-0.3598620594,61.4495048523,6293.0000000000
-3.0825009346,61.4360694885,6294.0000000000
-1.5656292439,62.5475883484,6295.0000000000
1.1131215096,60.6676254272,6296.0000000000
-3.1438066959,58.2111206055,6297.0000000000
-4.0158157349,59.8126182556,6298.0000000000
-4.5242910385,59.9469795227,6299.0000000000
-2.3968763351,57.3456459045,6300.0000000000
35.6655044556,-4.4341278076,6404.0000000000
36.3362617493,-3.1803171635,6407.0000000000
35.7532310486,-4.3510270119,6408.0000000000
35.2920951843,-4.2099933624,6412.0000000000
35.1799964905,-4.8736720085,6413.0000000000
36.2756271362,-3.4104578495,6416.0000000000
35.8604202271,-4.8207416534,6417.0000000000
32.6810646057,-2.8967964649,6421.0000000000
34.9061050415,-7.0490498543,6422.0000000000
36.2885780334,-6.6670684814,6423.0000000000
33.1580009460,-3.3888111115,6431.0000000000
37.7156372070,-20.5450687408,6432.0000000000
37.7103652954,-20.5555763245,6433.0000000000
36.8025970459,-8.0372152328,6434.0000000000
37.5834846497,-6.0094265938,6435.0000000000
32.7316246033,-3.0109317303,6436.0000000000
36.4512901306,-8.6097278595,6437.0000000000
35.3869056702,-6.1263303757,6451.0000000000
36.5924987793,-4.8075947762,6452.0000000000
37.2680664062,-4.6148056984,6453.0000000000
36.0885543823,-3.4470920563,6454.0000000000
35.8872222900,-4.9516415596,6455.0000000000
36.2830123901,-5.8965382576,6456.0000000000
35.6310615540,-1.6341655254,6458.0000000000
36.6327514648,-2.8125283718,6459.0000000000
35.6770935059,-4.3166499138,6461.0000000000
34.5581092834,-5.2942876816,6485.0000000000
35.7380180359,-5.4625577927,6487.0000000000
36.4180679321,-9.2505321503,6504.0000000000
35.4253044128,-8.4617671967,6511.0000000000
35.3155250549,-6.8632717133,6512.0000000000
36.9621315002,19.9418754578,6601.0000000000
40.9179382324,17.6303882599,6602.0000000000
33.4798622131,18.4120693207,6603.0000000000
37.3630371094,19.4340629578,6604.0000000000
36.5800094604,19.0798149109,6605.0000000000
38.0115852356,18.4571151733,6606.0000000000
35.5162391663,18.9041233063,6607.0000000000
33.9250755310,17.8279495239,6608.0000000000
38.6999397278,19.9526519775,6609.0000000000
38.4327201843,19.3951721191,6610.0000000000
33.9702072144,18.9687080383,6611.0000000000
39.0445861816,18.7963523865,6612.0000000000
34.2588005066,18.2103347778,6613.0000000000
38.4941520691,19.1846942902,6614.0000000000
38.2978858948,18.1540031433,6615.0000000000
40.9925765991,17.4655704498,6616.0000000000
41.3120803833,17.1669330597,6617.0000000000
36.7377357483,19.0876522064,6618.0000000000
40.2857437134,17.8152446747,6619.0000000000
35.8100738525,20.0237388611,6620.0000000000
34.2066383362,17.7963123322,6621.0000000000
38.9460258484,18.6107997894,6622.0000000000
35.3426399231,18.5144138336,6623.0000000000
40.3697242737,19.1360874176,6624.0000000000
37.6051216125,18.7830066681,6625.0000000000
41.0259628296,18.0977001190,6626.0000000000
39.5368690491,19.8189277649,6627.0000000000
34.0536308289,18.1472034454,6628.0000000000
37.6031036377,19.6186485291,6629.0000000000
33.7733802795,18.1625232697,6630.0000000000
33.3150405884,17.8804740906,6631.0000000000
35.4189147949,18.9162616730,6632.0000000000
36.5572891235,19.1678714752,6633.0000000000
38.7263145447,18.5468425751,6634.0000000000
36.5601692200,20.4191513062,6635.0000000000
35.2841415405,18.9501056671,6636.0000000000
38.1591567993,20.7092876434,6637.0000000000
37.8599853516,19.6814231873,6638.0000000000
37.8372001648,20.5420532227,6639.0000000000
36.1480102539,18.8274593353,6640.0000000000
39.1053581238,19.1026382446,6641.0000000000
41.2898788452,17.2233486176,6642.0000000000
33.5371246338,17.9762935638,6643.0000000000
35.9189453125,18.9262485504,6644.0000000000
38.9545974731,18.7999248505,6645.0000000000
18.5417823792,-19.2073173523,6702.0000000000
19.6518211365,-16.6425476074,6703.0000000000
16.5676631927,-19.4380321503,6704.0000000000
15.6025075912,-19.9048824310,6706.0000000000
17.9786720276,-19.1020641327,6708.0000000000
17.3957710266,-18.8916759491,6709.0000000000
16.7845954895,-18.5984172821,6710.0000000000
15.7346763611,-17.8305244446,6711.0000000000
17.5872898102,-18.5096549988,6712.0000000000
-1.0503782034,-3.5031869411,6713.0000000000
16.5381221771,-18.9424896240,6715.0000000000
16.0616645813,-16.9757556915,6716.0000000000
19.8484745026,-21.3215427399,6718.0000000000
18.2621879578,-17.9396820068,6719.0000000000
16.7331237793,-17.7532138824,6721.0000000000
16.0292339325,-20.7683067322,6722.0000000000
19.1750240326,-17.5956363678,6724.0000000000
17.0000762939,-19.0807361603,6729.0000000000
16.7223091125,-18.9508037567,6730.0000000000
17.1871814728,-20.8011474609,6741.0000000000
15.3136520386,-18.6704196930,6742.0000000000
15.6031818390,-18.7030620575,6743.0000000000
14.6143064499,-17.6522789001,6744.0000000000
14.4365968704,-19.6534919739,6745.0000000000
15.7864027023,-19.3703155518,6748.0000000000
14.4436283112,-18.6626091003,6750.0000000000
17.2345561981,-20.4356594086,6751.0000000000
17.4883193970,-20.6559619904,6753.0000000000
15.7669868469,-18.6585750580,6754.0000000000
15.5335311890,-18.3258075714,6757.0000000000
16.7776718140,-21.3607444763,6758.0000000000
27.1077098846,-21.8939037323,6759.0000000000
19.3931255341,-19.1393432617,6771.0000000000
19.1541004181,-20.6770877838,6773.0000000000
19.1972465515,-18.3681602478,6774.0000000000
20.7781677246,-19.1905689240,6775.0000000000
23.0453701019,-18.8420848846,6778.0000000000
19.1332168579,-20.0563163757,6781.0000000000
19.8567314148,-19.7352752686,6782.0000000000
22.1768531799,-18.2637596130,6783.0000000000
19.7092018127,-19.1778488159,6784.0000000000
19.9545631409,-19.3190231323,6785.0000000000
20.3840675354,-18.1590728760,6787.0000000000
21.3607730865,-19.8702239990,6789.0000000000
15.7973394394,-18.1917991638,6790.0000000000
20.2744941711,-20.3429603577,6792.0000000000
21.6687850952,-20.6395511627,6793.0000000000
17.0822086334,-17.7660026550,6800.0000000000
22.1078681946,-19.2317924500,6806.0000000000
21.6948375702,-19.0308341980,6807.0000000000
18.6392879486,-18.7785415649,6808.0000000000
19.3879146576,-19.1501007080,6809.0000000000
21.5257015228,-19.5054359436,6810.0000000000
-29.6760520935,-2.7961127758,2266.0000000000
-35.9711723328,-14.0609378815,362.0000000000
-35.8890304565,-13.6740427017,363.0000000000
-12.5527591705,10.4421701431,4084.0000000000
-32.4048423767,5.5062098503,630.0000000000
23.1228561401,-20.6601581573,437.0000000000
-32.1853370667,5.3951964378,4643.0000000000
-31.7077674866,5.0140047073,4826.0000000000
-31.3886356354,4.6829342842,4621.0000000000
-31.1794376373,4.7144398689,4716.0000000000
-31.1837539673,4.3050150871,4724.0000000000
-31.1873302460,4.2150645256,4786.0000000000
-30.7841739655,3.9835445881,4546.0000000000
-30.6449298859,3.9096653461,4723.0000000000
16.2408981323,-13.9187889099,10261.0000000000
15.6392803192,-14.1784124374,20261.0000000000
15.5021753311,-13.8191022873,30261.0000000000
15.6813964844,-13.8108081818,40261.0000000000
16.1617450714,-13.8968153000,50261.0000000000
16.6694641113,-14.0456066132,60261.0000000000
15.8437347412,-13.8036756516,70261.0000000000
26.9583568573,-21.9246692657,80261.0000000000
17.0562076569,-14.1629457474,90261.0000000000
22.3366870880,-25.2619972229,10230.0000000000
22.5994625092,-25.3294067383,20230.0000000000
22.6822128296,-25.3663234711,30230.0000000000
22.8428268433,-25.3893547058,40230.0000000000
22.4149246216,-25.2784271240,50230.0000000000
22.6030845642,-25.3322010040,60230.0000000000
22.6857757568,-25.3498649597,70230.0000000000
25.2631702423,-28.6516952515,868.0000000000
25.2588157654,-28.6558284760,230.0000000000
25.2583675385,-28.6546821594,261.0000000000
